case_id,received_at,company_code,vendor_ref,amount,currency,po_ref,gr_exists,price_variance,qty_variance,exception_code,payee_bank_changed,first_invoice_from_vendor,touched_by,roles_touched,resolved_at,resolution,resolution_amount
INV000000,2026-06-01T09:00:00,1000,V0184,241.76,EUR,PO00256,true,0,0,MATCH,false,false,0,,2026-07-01T10:00:00,POSTED,
INV000001,2026-06-02T09:00:00,1000,V0279,441.59,EUR,PO00749,true,119.92,0,PRICE,false,false,1,AP clerk,2026-07-01T10:00:00,POSTED,
INV000002,2026-06-03T09:00:00,1000,V0200,217.03,EUR,PO00130,true,0,0,MATCH,false,false,0,,2026-07-01T10:00:00,POSTED,
INV000003,2026-06-04T09:00:00,1000,V0111,476.46,EUR,PO00204,true,0,0,BANK,true,false,2,AP supervisor; Treasury,2026-07-01T10:00:00,POSTED,
INV000004,2026-06-05T09:00:00,1000,V0105,893.59,EUR,PO00425,true,0,0,MATCH,false,false,0,,2026-07-01T10:00:00,POSTED,
INV000005,2026-06-06T09:00:00,1000,V0034,225.94,EUR,PO00601,true,0,0,MATCH,false,true,0,,2026-07-01T10:00:00,POSTED,
INV000006,2026-06-07T09:00:00,1000,V0174,345.54,EUR,PO00314,true,0,0,MATCH,false,false,0,,2026-07-01T10:00:00,POSTED,
INV000007,2026-06-08T09:00:00,1000,V0247,1035.68,EUR,PO00263,true,0,0,MATCH,false,false,0,,2026-07-01T10:00:00,POSTED,
INV000008,2026-06-09T09:00:00,1000,V0184,2389.43,EUR,PO00593,true,0,0,MATCH,false,false,0,,2026-07-01T10:00:00,POSTED,
INV000009,2026-06-10T09:00:00,1000,V0093,460.85,EUR,PO00840,true,0,0,MATCH,false,false,0,,2026-07-01T10:00:00,POSTED,
INV000010,2026-06-11T09:00:00,1000,V0182,2695.52,EUR,PO00474,true,0,0,MATCH,false,false,0,,2026-07-01T10:00:00,POSTED,
INV000011,2026-06-12T09:00:00,1000,V0189,543.46,EUR,PO00152,true,0,0,MATCH,false,false,0,,2026-07-01T10:00:00,POSTED,
INV000012,2026-06-13T09:00:00,1000,V0091,4330.44,EUR,PO00739,true,81.55,0,PRICE,false,false,1,AP clerk,2026-07-01T10:00:00,POSTED,
INV000013,2026-06-14T09:00:00,1000,V0083,1653.92,EUR,,true,0,0,DUP,false,false,1,AP clerk,2026-07-01T10:00:00,DUPLICATE_CONFIRMED,
INV000014,2026-06-15T09:00:00,1000,V0129,961.47,EUR,PO00058,true,186.44,0,PRICE,false,false,1,AP clerk,2026-07-01T10:00:00,POSTED,
INV000015,2026-06-16T09:00:00,1000,V0253,766.06,EUR,PO00750,true,0,0,MATCH,false,false,0,,2026-07-01T10:00:00,POSTED,
INV000016,2026-06-17T09:00:00,1000,V0212,332.47,EUR,PO00153,true,0,0,MATCH,false,false,0,,2026-07-01T10:00:00,POSTED,
INV000017,2026-06-18T09:00:00,1000,V0073,938.5,EUR,PO00748,true,0,0,MATCH,false,false,0,,2026-07-01T10:00:00,POSTED,
INV000018,2026-06-19T09:00:00,1000,V0241,903.81,EUR,PO00387,true,0,0,MATCH,false,false,0,,2026-07-01T10:00:00,POSTED,
INV000019,2026-06-20T09:00:00,1000,V0092,1694.32,EUR,PO00347,true,0,0,MATCH,false,false,0,,2026-07-01T10:00:00,POSTED,
INV000020,2026-06-21T09:00:00,1000,V0264,360.76,EUR,PO00794,true,0,0,MATCH,false,false,0,,2026-07-01T10:00:00,POSTED,
INV000021,2026-06-22T09:00:00,1000,V0018,2207.72,EUR,PO00722,true,0,0,MATCH,false,false,0,,2026-07-01T10:00:00,POSTED,
INV000022,2026-06-23T09:00:00,1000,V0175,2023.12,EUR,PO00012,true,245.33,0,PRICE,false,false,1,AP clerk,2026-07-01T10:00:00,POSTED,
INV000023,2026-06-24T09:00:00,1000,V0167,1897.47,EUR,PO00837,true,0,0,MATCH,false,false,0,,2026-07-01T10:00:00,POSTED,
INV000024,2026-06-25T09:00:00,1000,V0183,526.81,EUR,PO00756,true,0,0,MATCH,false,false,0,,2026-07-01T10:00:00,POSTED,
INV000025,2026-06-26T09:00:00,1000,V0089,8401.38,EUR,PO00374,true,0,0,MATCH,false,false,0,,2026-07-01T10:00:00,POSTED,
INV000026,2026-06-27T09:00:00,1000,V0272,217.11,EUR,PO00290,true,0,0,MATCH,false,false,0,,2026-07-01T10:00:00,POSTED,
INV000027,2026-06-28T09:00:00,1000,V0214,1660.2,EUR,PO00431,true,0,0,MATCH,false,false,0,,2026-07-01T10:00:00,POSTED,
INV000028,2026-06-01T09:00:00,1000,V0139,386.26,EUR,PO00666,true,0,0,MATCH,false,false,0,,2026-07-01T10:00:00,POSTED,
INV000029,2026-06-02T09:00:00,1000,V0093,1386.19,EUR,PO00483,true,0,0,MATCH,false,false,0,,2026-07-01T10:00:00,POSTED,
INV000030,2026-06-03T09:00:00,1000,V0069,1026.74,EUR,PO00426,true,0,0,MATCH,false,false,0,,2026-07-01T10:00:00,POSTED,
INV000031,2026-06-04T09:00:00,1000,V0037,1343.39,EUR,PO00383,true,0,0,MATCH,false,true,0,,2026-07-01T10:00:00,POSTED,
INV000032,2026-06-05T09:00:00,1000,V0143,2243.04,EUR,PO00037,true,0,0,MATCH,false,false,0,,2026-07-01T10:00:00,POSTED,
INV000033,2026-06-06T09:00:00,1000,V0152,1233.28,EUR,PO00595,true,0,0,MATCH,false,false,0,,2026-07-01T10:00:00,POSTED,
INV000034,2026-06-07T09:00:00,1000,V0067,522.11,EUR,PO00658,true,0,0,MATCH,false,false,0,,2026-07-01T10:00:00,POSTED,
INV000035,2026-06-08T09:00:00,1000,V0081,1599.37,EUR,PO00204,true,0,0,MATCH,false,false,0,,2026-07-01T10:00:00,POSTED,
INV000036,2026-06-09T09:00:00,1000,V0180,5590.3,EUR,PO00392,true,0,0,MATCH,false,false,0,,2026-07-01T10:00:00,POSTED,
INV000037,2026-06-10T09:00:00,1000,V0277,207.79,EUR,PO00578,true,0,0,MATCH,false,false,0,,2026-07-01T10:00:00,POSTED,
INV000038,2026-06-11T09:00:00,1000,V0116,1073.07,EUR,PO00726,true,0,0,MATCH,false,false,0,,2026-07-01T10:00:00,POSTED,
INV000039,2026-06-12T09:00:00,1000,V0134,1981.03,EUR,PO00258,true,0,0,BANK,true,false,2,AP supervisor; Treasury,2026-07-01T10:00:00,FRAUD_CONFIRMED,
INV000040,2026-06-13T09:00:00,1000,V0158,1075.11,EUR,PO00489,true,0,0,MATCH,false,true,0,,2026-07-01T10:00:00,POSTED,
INV000041,2026-06-14T09:00:00,1000,V0228,392.89,EUR,PO00492,true,0,0,MATCH,false,false,0,,2026-07-01T10:00:00,POSTED,
INV000042,2026-06-15T09:00:00,1000,V0243,2082.07,EUR,PO00275,true,0,0,MATCH,false,false,0,,2026-07-01T10:00:00,POSTED,
INV000043,2026-06-16T09:00:00,1000,V0147,443.56,EUR,PO00487,true,0,0,MATCH,false,false,0,,2026-07-01T10:00:00,POSTED,
INV000044,2026-06-17T09:00:00,1000,V0065,526.92,EUR,PO00345,true,2711.26,0,PRICE,false,false,1,AP clerk,2026-07-01T10:00:00,POSTED,
INV000045,2026-06-18T09:00:00,1000,V0014,996.5,EUR,PO00763,true,0,0,MATCH,false,false,0,,2026-07-01T10:00:00,POSTED,
INV000046,2026-06-19T09:00:00,1000,V0002,502.61,EUR,PO00111,true,0,0,MATCH,false,false,0,,2026-07-01T10:00:00,POSTED,
INV000047,2026-06-20T09:00:00,1000,V0008,585.89,EUR,PO00610,true,0,0,MATCH,false,false,0,,2026-07-01T10:00:00,POSTED,
INV000048,2026-06-21T09:00:00,1000,V0247,961.87,EUR,PO00737,true,0,0,MATCH,false,false,0,,2026-07-01T10:00:00,POSTED,
INV000049,2026-06-22T09:00:00,1000,V0034,3447.32,EUR,PO00664,true,0,0,MATCH,false,false,0,,2026-07-01T10:00:00,POSTED,
INV000050,2026-06-23T09:00:00,1000,V0255,6347.86,EUR,PO00436,true,122.21,0,PRICE,false,false,1,AP clerk,2026-07-01T10:00:00,POSTED,
INV000051,2026-06-24T09:00:00,1000,V0033,1462.68,EUR,PO00740,true,61.35,0,PRICE,false,false,1,AP clerk,2026-07-01T10:00:00,POSTED,
INV000052,2026-06-25T09:00:00,1000,V0208,1576.55,EUR,PO00863,true,0,0,MATCH,false,false,0,,2026-07-01T10:00:00,POSTED,
INV000053,2026-06-26T09:00:00,1000,V0057,1670.95,EUR,PO00300,true,0,0,MATCH,false,false,0,,2026-07-01T10:00:00,POSTED,
INV000054,2026-06-27T09:00:00,1000,V0094,1515.93,EUR,PO00166,true,0,0,MATCH,false,false,0,,2026-07-01T10:00:00,POSTED,
INV000055,2026-06-28T09:00:00,1000,V0285,371.42,EUR,PO00074,true,0,0,MATCH,false,false,0,,2026-07-01T10:00:00,POSTED,
INV000056,2026-06-01T09:00:00,1000,V0061,363.66,EUR,PO00323,true,0,0,MATCH,false,false,0,,2026-07-01T10:00:00,POSTED,
INV000057,2026-06-02T09:00:00,1000,V0181,3648.88,EUR,PO00058,true,0,0,MATCH,false,false,0,,2026-07-01T10:00:00,POSTED,
INV000058,2026-06-03T09:00:00,1000,V0292,1730.19,EUR,PO00569,true,0,0,MATCH,false,false,0,,2026-07-01T10:00:00,POSTED,
INV000059,2026-06-04T09:00:00,1000,V0033,1235.05,EUR,PO00769,true,0,0,MATCH,false,false,0,,2026-07-01T10:00:00,POSTED,
INV000060,2026-06-05T09:00:00,1000,V0191,961.99,EUR,PO00135,true,0,0,BANK,true,false,2,AP supervisor; Treasury,2026-07-01T10:00:00,FRAUD_CONFIRMED,
INV000061,2026-06-06T09:00:00,1000,V0044,1249.26,EUR,PO00885,true,0,0,MATCH,false,false,0,,2026-07-01T10:00:00,POSTED,
INV000062,2026-06-07T09:00:00,1000,V0123,771.51,EUR,PO00332,true,0,0,MATCH,false,false,0,,2026-07-01T10:00:00,POSTED,
INV000063,2026-06-08T09:00:00,1000,V0278,1648.95,EUR,PO00155,true,0,0,MATCH,false,false,0,,2026-07-01T10:00:00,POSTED,
INV000064,2026-06-09T09:00:00,1000,V0115,1749.99,EUR,PO00682,true,0,0,MATCH,false,false,0,,2026-07-01T10:00:00,POSTED,
INV000065,2026-06-10T09:00:00,1000,V0193,790.96,EUR,PO00342,true,0,0,MATCH,false,false,0,,2026-07-01T10:00:00,POSTED,
INV000066,2026-06-11T09:00:00,1000,V0198,515.97,EUR,PO00367,true,0,0,MATCH,false,false,0,,2026-07-01T10:00:00,POSTED,
INV000067,2026-06-12T09:00:00,1000,V0294,603.72,EUR,PO00065,true,213.64,0,PRICE,false,false,1,AP clerk,2026-07-01T10:00:00,POSTED,
INV000068,2026-06-13T09:00:00,1000,V0104,393.86,EUR,PO00493,true,0,0,MATCH,false,false,0,,2026-07-01T10:00:00,POSTED,
INV000069,2026-06-14T09:00:00,1000,V0219,689.51,EUR,PO00635,true,0,0,MATCH,false,false,0,,2026-07-01T10:00:00,POSTED,
INV000070,2026-06-15T09:00:00,1000,V0237,486.73,EUR,PO00163,true,0,0,MATCH,false,false,0,,2026-07-01T10:00:00,POSTED,
INV000071,2026-06-16T09:00:00,1000,V0057,695.49,EUR,PO00294,true,1541.57,0,PRICE,false,false,1,AP clerk,2026-07-01T10:00:00,POSTED,
INV000072,2026-06-17T09:00:00,1000,V0017,373.51,EUR,PO00324,true,0,0,MATCH,false,false,0,,2026-07-01T10:00:00,POSTED,
INV000073,2026-06-18T09:00:00,1000,V0234,451.12,EUR,PO00121,true,0,0,MATCH,false,false,0,,2026-07-01T10:00:00,POSTED,
INV000074,2026-06-19T09:00:00,1000,V0233,3313.12,EUR,PO00168,true,0,0,MATCH,false,true,0,,2026-07-01T10:00:00,POSTED,
INV000075,2026-06-20T09:00:00,1000,V0295,664.07,EUR,PO00411,true,0,0,MATCH,false,false,0,,2026-07-01T10:00:00,POSTED,
INV000076,2026-06-21T09:00:00,1000,V0160,469.8,EUR,PO00069,true,0,0,MATCH,false,false,0,,2026-07-01T10:00:00,POSTED,
INV000077,2026-06-22T09:00:00,1000,V0084,1947.0,EUR,PO00214,true,0,0,MATCH,false,false,0,,2026-07-01T10:00:00,POSTED,
INV000078,2026-06-23T09:00:00,1000,V0221,1867.99,EUR,PO00474,true,0,0,MATCH,false,false,0,,2026-07-01T10:00:00,POSTED,
INV000079,2026-06-24T09:00:00,1000,V0211,6967.15,EUR,PO00734,true,0,0,MATCH,false,false,0,,2026-07-01T10:00:00,POSTED,
INV000080,2026-06-25T09:00:00,1000,V0125,1794.3,EUR,PO00801,true,234.26,0,PRICE,false,false,1,AP clerk,2026-07-01T10:00:00,POSTED,
INV000081,2026-06-26T09:00:00,1000,V0209,847.03,EUR,PO00897,true,0,0,MATCH,false,true,0,,2026-07-01T10:00:00,POSTED,
INV000082,2026-06-27T09:00:00,1000,V0261,1475.82,EUR,PO00240,true,0,0,BANK,true,false,2,AP supervisor; Treasury,2026-07-01T10:00:00,POSTED,
INV000083,2026-06-28T09:00:00,1000,V0056,3142.25,EUR,PO00452,true,0,0,MATCH,false,false,0,,2026-07-01T10:00:00,POSTED,
INV000084,2026-06-01T09:00:00,1000,V0293,2872.42,EUR,PO00136,true,0,0,MATCH,false,false,0,,2026-07-01T10:00:00,POSTED,
INV000085,2026-06-02T09:00:00,1000,V0115,1222.29,EUR,PO00495,true,115.02,0,PRICE,false,false,1,AP clerk,2026-07-01T10:00:00,POSTED,
INV000086,2026-06-03T09:00:00,1000,V0207,758.31,EUR,PO00084,true,0,0,MATCH,false,false,0,,2026-07-01T10:00:00,POSTED,
INV000087,2026-06-04T09:00:00,1000,V0220,513.88,EUR,PO00255,true,0,0,MATCH,false,true,0,,2026-07-01T10:00:00,POSTED,
INV000088,2026-06-05T09:00:00,1000,V0147,448.9,EUR,PO00001,true,0,0,MATCH,false,false,0,,2026-07-01T10:00:00,POSTED,
INV000089,2026-06-06T09:00:00,1000,V0068,1379.98,EUR,PO00837,true,0,0,MATCH,false,false,0,,2026-07-01T10:00:00,POSTED,
INV000090,2026-06-07T09:00:00,1000,V0055,2609.39,EUR,PO00134,true,16.56,0,PRICE,false,false,1,AP clerk,2026-07-01T10:00:00,POSTED,
INV000091,2026-06-08T09:00:00,1000,V0071,312.11,EUR,PO00293,true,0,0,MATCH,false,true,0,,2026-07-01T10:00:00,POSTED,
INV000092,2026-06-09T09:00:00,1000,V0286,945.67,EUR,PO00627,true,0,0,MATCH,false,true,0,,2026-07-01T10:00:00,POSTED,
INV000093,2026-06-10T09:00:00,1000,V0065,770.86,EUR,PO00013,true,0,0,MATCH,false,false,0,,2026-07-01T10:00:00,POSTED,
INV000094,2026-06-11T09:00:00,1000,V0084,1686.02,EUR,PO00544,true,0,0,MATCH,false,false,0,,2026-07-01T10:00:00,POSTED,
INV000095,2026-06-12T09:00:00,1000,V0074,244.39,EUR,PO00814,true,0,0,MATCH,false,false,0,,2026-07-01T10:00:00,POSTED,
INV000096,2026-06-13T09:00:00,1000,V0229,4108.56,EUR,PO00445,true,0,0,MATCH,false,false,0,,2026-07-01T10:00:00,POSTED,
INV000097,2026-06-14T09:00:00,1000,V0083,6930.58,EUR,PO00611,true,0,0,MATCH,false,true,0,,2026-07-01T10:00:00,POSTED,
INV000098,2026-06-15T09:00:00,1000,V0215,1638.57,EUR,PO00002,true,0,0,MATCH,false,true,0,,2026-07-01T10:00:00,POSTED,
INV000099,2026-06-16T09:00:00,1000,V0247,1890.87,EUR,PO00476,true,0,0,MATCH,false,false,0,,2026-07-01T10:00:00,POSTED,
INV000100,2026-06-17T09:00:00,1000,V0103,546.1,EUR,PO00783,true,0,0,MATCH,false,false,0,,2026-07-01T10:00:00,POSTED,
INV000101,2026-06-18T09:00:00,1000,V0181,23293.1,EUR,PO00064,true,0,0,MATCH,false,false,0,,2026-07-01T10:00:00,POSTED,
INV000102,2026-06-19T09:00:00,1000,V0074,490.55,EUR,PO00391,true,0,0,MATCH,false,true,0,,2026-07-01T10:00:00,POSTED,
INV000103,2026-06-20T09:00:00,1000,V0051,2009.19,EUR,PO00205,true,0,0,MATCH,false,false,0,,2026-07-01T10:00:00,POSTED,
INV000104,2026-06-21T09:00:00,1000,V0245,10854.49,EUR,PO00639,true,0,0,MATCH,false,false,0,,2026-07-01T10:00:00,POSTED,
INV000105,2026-06-22T09:00:00,1000,V0006,195.72,EUR,PO00636,true,0,0,MATCH,false,false,0,,2026-07-01T10:00:00,POSTED,
INV000106,2026-06-23T09:00:00,1000,V0163,2399.84,EUR,PO00526,true,0,0,MATCH,false,false,0,,2026-07-01T10:00:00,POSTED,
INV000107,2026-06-24T09:00:00,1000,V0205,730.78,EUR,PO00594,true,0,0,MATCH,false,false,0,,2026-07-01T10:00:00,POSTED,
INV000108,2026-06-25T09:00:00,1000,V0032,1499.51,EUR,PO00372,true,0,0,MATCH,false,false,0,,2026-07-01T10:00:00,POSTED,
INV000109,2026-06-26T09:00:00,1000,V0268,541.91,EUR,PO00028,true,0,0,MATCH,false,false,0,,2026-07-01T10:00:00,POSTED,
INV000110,2026-06-27T09:00:00,1000,V0298,647.14,EUR,PO00821,true,0,0,MATCH,false,false,0,,2026-07-01T10:00:00,POSTED,
INV000111,2026-06-28T09:00:00,1000,V0288,390.01,EUR,PO00124,true,0,0,MATCH,false,false,0,,2026-07-01T10:00:00,POSTED,
INV000112,2026-06-01T09:00:00,1000,V0202,473.42,EUR,PO00542,true,0,0,BANK,true,false,2,AP supervisor; Treasury,2026-07-01T10:00:00,POSTED,
INV000113,2026-06-02T09:00:00,1000,V0284,679.63,EUR,PO00301,true,99.73,0,PRICE,false,false,1,AP clerk,2026-07-01T10:00:00,POSTED,
INV000114,2026-06-03T09:00:00,1000,V0040,2486.31,EUR,PO00648,true,0,0,MATCH,false,false,0,,2026-07-01T10:00:00,POSTED,
INV000115,2026-06-04T09:00:00,1000,V0033,1511.91,EUR,PO00656,true,0,0,MATCH,false,false,0,,2026-07-01T10:00:00,POSTED,
INV000116,2026-06-05T09:00:00,1000,V0214,448.63,EUR,PO00611,true,0,0,MATCH,false,false,0,,2026-07-01T10:00:00,POSTED,
INV000117,2026-06-06T09:00:00,1000,V0144,663.59,EUR,PO00153,true,0,0,MATCH,false,false,0,,2026-07-01T10:00:00,POSTED,
INV000118,2026-06-07T09:00:00,1000,V0289,561.29,EUR,PO00609,true,0,0,MATCH,false,false,0,,2026-07-01T10:00:00,POSTED,
INV000119,2026-06-08T09:00:00,1000,V0071,136.85,EUR,PO00661,true,23.67,0,PRICE,false,false,1,AP clerk,2026-07-01T10:00:00,REJECTED,
INV000120,2026-06-09T09:00:00,1000,V0052,402.19,EUR,PO00377,true,1942.04,0,PRICE,false,false,1,AP clerk,2026-07-01T10:00:00,POSTED,
INV000121,2026-06-10T09:00:00,1000,V0226,9964.46,EUR,PO00824,true,0,0,MATCH,false,false,0,,2026-07-01T10:00:00,POSTED,
INV000122,2026-06-11T09:00:00,1000,V0053,316.28,EUR,PO00201,true,147.2,0,PRICE,false,false,1,AP clerk,2026-07-01T10:00:00,REJECTED,
INV000123,2026-06-12T09:00:00,1000,V0235,2005.59,EUR,PO00557,true,0,0,MATCH,false,false,0,,2026-07-01T10:00:00,POSTED,
INV000124,2026-06-13T09:00:00,1000,V0192,804.03,EUR,PO00761,true,0,0,MATCH,false,false,0,,2026-07-01T10:00:00,POSTED,
INV000125,2026-06-14T09:00:00,1000,V0152,494.69,EUR,PO00146,true,0,0,MATCH,false,false,0,,2026-07-01T10:00:00,POSTED,
INV000126,2026-06-15T09:00:00,1000,V0046,1318.71,EUR,PO00346,true,0,0,MATCH,false,false,0,,2026-07-01T10:00:00,POSTED,
INV000127,2026-06-16T09:00:00,1000,V0222,289.57,EUR,PO00244,true,0,0,MATCH,false,false,0,,2026-07-01T10:00:00,POSTED,
INV000128,2026-06-17T09:00:00,1000,V0075,710.16,EUR,PO00490,true,0,0,MATCH,false,false,0,,2026-07-01T10:00:00,POSTED,
INV000129,2026-06-18T09:00:00,1000,V0198,2459.64,EUR,PO00464,true,0,0,MATCH,false,false,0,,2026-07-01T10:00:00,POSTED,
INV000130,2026-06-19T09:00:00,1000,V0009,3289.88,EUR,PO00024,true,192.65,0,PRICE,false,false,1,AP clerk,2026-07-01T10:00:00,POSTED,
INV000131,2026-06-20T09:00:00,1000,V0257,832.45,EUR,PO00677,true,0,0,MATCH,false,false,0,,2026-07-01T10:00:00,POSTED,
INV000132,2026-06-21T09:00:00,1000,V0019,471.73,EUR,PO00741,true,0,0,MATCH,false,false,0,,2026-07-01T10:00:00,POSTED,
INV000133,2026-06-22T09:00:00,1000,V0086,2414.05,EUR,PO00800,true,2767.23,0,PRICE,false,false,1,AP clerk,2026-07-01T10:00:00,POSTED,
INV000134,2026-06-23T09:00:00,1000,V0098,522.53,EUR,PO00294,true,95.53,0,PRICE,false,true,1,AP clerk,2026-07-01T10:00:00,POSTED,
INV000135,2026-06-24T09:00:00,1000,V0087,1771.46,EUR,PO00704,true,0,0,MATCH,false,false,0,,2026-07-01T10:00:00,POSTED,
INV000136,2026-06-25T09:00:00,1000,V0253,484.35,EUR,PO00374,true,790.46,0,PRICE,false,false,1,AP clerk,2026-07-01T10:00:00,POSTED,
INV000137,2026-06-26T09:00:00,1000,V0095,1970.54,EUR,PO00135,true,0,0,MATCH,false,false,0,,2026-07-01T10:00:00,POSTED,
INV000138,2026-06-27T09:00:00,1000,V0110,317.51,EUR,PO00719,true,0,0,MATCH,false,false,0,,2026-07-01T10:00:00,POSTED,
INV000139,2026-06-28T09:00:00,1000,V0055,1626.04,EUR,PO00378,true,0,0,MATCH,false,false,0,,2026-07-01T10:00:00,POSTED,
INV000140,2026-06-01T09:00:00,1000,V0228,1286.73,EUR,PO00559,true,0,0,MATCH,false,true,0,,2026-07-01T10:00:00,POSTED,
INV000141,2026-06-02T09:00:00,1000,V0122,982.51,EUR,PO00009,true,0,0,MATCH,false,true,0,,2026-07-01T10:00:00,POSTED,
INV000142,2026-06-03T09:00:00,1000,V0120,1116.93,EUR,PO00812,true,0,0,MATCH,false,false,0,,2026-07-01T10:00:00,POSTED,
INV000143,2026-06-04T09:00:00,1000,V0011,1308.72,EUR,PO00106,true,174.6,0,PRICE,false,false,1,AP clerk,2026-07-01T10:00:00,REJECTED,
INV000144,2026-06-05T09:00:00,1000,V0200,294.37,EUR,PO00754,true,134.87,0,PRICE,false,false,1,AP clerk,2026-07-01T10:00:00,POSTED,
INV000145,2026-06-06T09:00:00,1000,V0051,3100.14,EUR,PO00565,true,0,0,MATCH,false,false,0,,2026-07-01T10:00:00,POSTED,
INV000146,2026-06-07T09:00:00,1000,V0234,661.45,EUR,PO00580,true,0,0,MATCH,false,false,0,,2026-07-01T10:00:00,POSTED,
INV000147,2026-06-08T09:00:00,1000,V0022,799.22,EUR,PO00349,true,0,0,MATCH,false,false,0,,2026-07-01T10:00:00,POSTED,
INV000148,2026-06-09T09:00:00,1000,V0074,1921.13,EUR,PO00850,true,0,0,MATCH,false,true,0,,2026-07-01T10:00:00,POSTED,
INV000149,2026-06-10T09:00:00,1000,V0086,1469.92,EUR,PO00270,true,0,0,MATCH,false,false,0,,2026-07-01T10:00:00,POSTED,
INV000150,2026-06-11T09:00:00,1000,V0290,1219.32,EUR,PO00045,true,2549.97,0,PRICE,false,false,1,AP clerk,2026-07-01T10:00:00,POSTED,
INV000151,2026-06-12T09:00:00,1000,V0021,275.47,EUR,PO00423,true,0,0,MATCH,false,false,0,,2026-07-01T10:00:00,POSTED,
INV000152,2026-06-13T09:00:00,1000,V0296,1553.15,EUR,PO00069,true,0,0,MATCH,false,false,0,,2026-07-01T10:00:00,POSTED,
INV000153,2026-06-14T09:00:00,1000,V0269,2143.71,EUR,PO00773,true,0,0,MATCH,false,false,0,,2026-07-01T10:00:00,POSTED,
INV000154,2026-06-15T09:00:00,1000,V0154,1444.71,EUR,PO00477,true,0,0,MATCH,false,false,0,,2026-07-01T10:00:00,POSTED,
INV000155,2026-06-16T09:00:00,1000,V0135,483.47,EUR,PO00469,true,0,0,MATCH,false,false,0,,2026-07-01T10:00:00,POSTED,
INV000156,2026-06-17T09:00:00,1000,V0041,1680.52,EUR,PO00531,true,0,0,MATCH,false,false,0,,2026-07-01T10:00:00,POSTED,
INV000157,2026-06-18T09:00:00,1000,V0072,2585.78,EUR,PO00515,true,0,0,MATCH,false,false,0,,2026-07-01T10:00:00,POSTED,
INV000158,2026-06-19T09:00:00,1000,V0009,477.39,EUR,PO00506,true,0,0,MATCH,false,false,0,,2026-07-01T10:00:00,POSTED,
INV000159,2026-06-20T09:00:00,1000,V0283,737.4,EUR,PO00266,true,63.75,0,PRICE,false,false,1,AP clerk,2026-07-01T10:00:00,POSTED,
INV000160,2026-06-21T09:00:00,1000,V0045,2203.29,EUR,PO00106,true,124.24,0,PRICE,false,false,1,AP clerk,2026-07-01T10:00:00,POSTED,
INV000161,2026-06-22T09:00:00,1000,V0299,1199.04,EUR,PO00343,true,0,0,MATCH,false,false,0,,2026-07-01T10:00:00,POSTED,
INV000162,2026-06-23T09:00:00,1000,V0210,694.96,EUR,PO00346,true,0,0,MATCH,false,false,0,,2026-07-01T10:00:00,POSTED,
INV000163,2026-06-24T09:00:00,1000,V0049,1110.11,EUR,PO00427,true,78.85,0,PRICE,false,false,1,AP clerk,2026-07-01T10:00:00,POSTED,
INV000164,2026-06-25T09:00:00,1000,V0290,1342.87,EUR,PO00698,true,0,0,MATCH,false,false,0,,2026-07-01T10:00:00,POSTED,
INV000165,2026-06-26T09:00:00,1000,V0126,262.83,EUR,PO00086,true,1531.84,0,PRICE,false,false,1,AP clerk,2026-07-01T10:00:00,POSTED,
INV000166,2026-06-27T09:00:00,1000,V0195,946.36,EUR,PO00565,true,0,0,MATCH,false,false,0,,2026-07-01T10:00:00,POSTED,
INV000167,2026-06-28T09:00:00,1000,V0069,630.2,EUR,PO00197,true,221.07,0,PRICE,false,false,1,AP clerk,2026-07-01T10:00:00,REJECTED,
INV000168,2026-06-01T09:00:00,1000,V0239,521.75,EUR,PO00818,true,39.17,0,PRICE,false,false,1,AP clerk,2026-07-01T10:00:00,POSTED,
INV000169,2026-06-02T09:00:00,1000,V0146,234.5,EUR,PO00468,true,0,0,MATCH,false,false,0,,2026-07-01T10:00:00,POSTED,
INV000170,2026-06-03T09:00:00,1000,V0051,499.14,EUR,PO00712,true,0,0,MATCH,false,false,0,,2026-07-01T10:00:00,POSTED,
INV000171,2026-06-04T09:00:00,1000,V0228,861.11,EUR,PO00878,true,0,0,MATCH,false,false,0,,2026-07-01T10:00:00,POSTED,
INV000172,2026-06-05T09:00:00,1000,V0183,2301.82,EUR,PO00569,true,78.0,0,PRICE,false,false,1,AP clerk,2026-07-01T10:00:00,REJECTED,
INV000173,2026-06-06T09:00:00,1000,V0173,1417.54,EUR,PO00863,true,0,0,MATCH,false,false,0,,2026-07-01T10:00:00,POSTED,
INV000174,2026-06-07T09:00:00,1000,V0148,370.13,EUR,PO00425,true,1025.69,0,PRICE,false,false,1,AP clerk,2026-07-01T10:00:00,POSTED,
INV000175,2026-06-08T09:00:00,1000,V0149,3277.57,EUR,PO00746,true,0,0,MATCH,false,true,0,,2026-07-01T10:00:00,POSTED,
INV000176,2026-06-09T09:00:00,1000,V0082,122.76,EUR,PO00678,true,0,0,MATCH,false,false,0,,2026-07-01T10:00:00,POSTED,
INV000177,2026-06-10T09:00:00,1000,V0269,1130.76,EUR,PO00630,true,117.93,0,PRICE,false,false,1,AP clerk,2026-07-01T10:00:00,REJECTED,
INV000178,2026-06-11T09:00:00,1000,V0296,1086.4,EUR,PO00810,true,0,0,MATCH,false,false,0,,2026-07-01T10:00:00,POSTED,
INV000179,2026-06-12T09:00:00,1000,V0192,203.12,EUR,PO00491,true,0,0,MATCH,false,false,0,,2026-07-01T10:00:00,POSTED,
INV000180,2026-06-13T09:00:00,1000,V0087,79.16,EUR,PO00667,true,0,0,MATCH,false,false,0,,2026-07-01T10:00:00,POSTED,
INV000181,2026-06-14T09:00:00,1000,V0118,24980.28,EUR,PO00210,true,0,0,MATCH,false,false,0,,2026-07-01T10:00:00,POSTED,
INV000182,2026-06-15T09:00:00,1000,V0258,651.46,EUR,PO00229,true,0,0,MATCH,false,false,0,,2026-07-01T10:00:00,POSTED,
INV000183,2026-06-16T09:00:00,1000,V0283,2429.99,EUR,PO00703,true,0,0,MATCH,false,false,0,,2026-07-01T10:00:00,POSTED,
INV000184,2026-06-17T09:00:00,1000,V0238,315.34,EUR,PO00449,true,5.65,0,PRICE,false,false,1,AP clerk,2026-07-01T10:00:00,POSTED,
INV000185,2026-06-18T09:00:00,1000,V0149,1139.46,EUR,PO00815,true,0,0,MATCH,false,false,0,,2026-07-01T10:00:00,POSTED,
INV000186,2026-06-19T09:00:00,1000,V0239,4857.62,EUR,PO00734,true,0,0,MATCH,false,false,0,,2026-07-01T10:00:00,POSTED,
INV000187,2026-06-20T09:00:00,1000,V0258,808.27,EUR,PO00379,true,164.6,0,PRICE,false,false,1,AP clerk,2026-07-01T10:00:00,POSTED,
INV000188,2026-06-21T09:00:00,1000,V0203,246.79,EUR,PO00308,true,0,0,MATCH,false,false,0,,2026-07-01T10:00:00,POSTED,
INV000189,2026-06-22T09:00:00,1000,V0197,1660.05,EUR,PO00413,true,194.1,0,PRICE,false,false,1,AP clerk,2026-07-01T10:00:00,POSTED,
INV000190,2026-06-23T09:00:00,1000,V0014,484.81,EUR,PO00207,true,0,0,MATCH,false,false,0,,2026-07-01T10:00:00,POSTED,
INV000191,2026-06-24T09:00:00,1000,V0217,2594.01,EUR,PO00676,true,191.87,0,PRICE,false,false,1,AP clerk,2026-07-01T10:00:00,REJECTED,
INV000192,2026-06-25T09:00:00,1000,V0228,1808.92,EUR,PO00597,true,0,0,MATCH,false,false,0,,2026-07-01T10:00:00,POSTED,
INV000193,2026-06-26T09:00:00,1000,V0024,353.44,EUR,PO00861,true,0,0,MATCH,false,false,0,,2026-07-01T10:00:00,POSTED,
INV000194,2026-06-27T09:00:00,1000,V0222,832.36,EUR,PO00295,true,0,0,MATCH,false,false,0,,2026-07-01T10:00:00,POSTED,
INV000195,2026-06-28T09:00:00,1000,V0218,2092.88,EUR,PO00849,true,0,0,MATCH,false,false,0,,2026-07-01T10:00:00,POSTED,
INV000196,2026-06-01T09:00:00,1000,V0041,1060.87,EUR,PO00060,true,0,0,MATCH,false,false,0,,2026-07-01T10:00:00,POSTED,
INV000197,2026-06-02T09:00:00,1000,V0245,427.47,EUR,PO00338,true,0,0,MATCH,false,false,0,,2026-07-01T10:00:00,POSTED,
INV000198,2026-06-03T09:00:00,1000,V0088,724.03,EUR,PO00843,true,0,0,MATCH,false,true,0,,2026-07-01T10:00:00,POSTED,
INV000199,2026-06-04T09:00:00,1000,V0056,1189.48,EUR,PO00682,true,0,0,MATCH,false,false,0,,2026-07-01T10:00:00,POSTED,
INV000200,2026-06-05T09:00:00,1000,V0042,2135.44,EUR,PO00329,true,0,0,MATCH,false,false,0,,2026-07-01T10:00:00,POSTED,
INV000201,2026-06-06T09:00:00,1000,V0022,397.87,EUR,PO00127,true,0,0,MATCH,false,false,0,,2026-07-01T10:00:00,POSTED,
INV000202,2026-06-07T09:00:00,1000,V0044,217.37,EUR,PO00481,true,2645.22,0,PRICE,false,false,1,AP clerk,2026-07-01T10:00:00,POSTED,
INV000203,2026-06-08T09:00:00,1000,V0218,549.41,EUR,PO00073,true,0,0,MATCH,false,false,0,,2026-07-01T10:00:00,POSTED,
INV000204,2026-06-09T09:00:00,1000,V0149,4388.81,EUR,PO00075,true,0,0,MATCH,false,false,0,,2026-07-01T10:00:00,POSTED,
INV000205,2026-06-10T09:00:00,1000,V0050,230.35,EUR,PO00435,true,0,0,MATCH,false,false,0,,2026-07-01T10:00:00,POSTED,
INV000206,2026-06-11T09:00:00,1000,V0108,832.7,EUR,PO00333,true,0,0,MATCH,false,false,0,,2026-07-01T10:00:00,POSTED,
INV000207,2026-06-12T09:00:00,1000,V0030,4784.98,EUR,PO00317,true,173.09,0,PRICE,false,false,1,AP clerk,2026-07-01T10:00:00,POSTED,
INV000208,2026-06-13T09:00:00,1000,V0262,1363.89,EUR,PO00673,true,89.95,0,PRICE,false,false,1,AP clerk,2026-07-01T10:00:00,POSTED,
INV000209,2026-06-14T09:00:00,1000,V0219,799.47,EUR,PO00806,true,0,0,MATCH,false,false,0,,2026-07-01T10:00:00,POSTED,
INV000210,2026-06-15T09:00:00,1000,V0056,401.37,EUR,PO00752,true,0,0,MATCH,false,false,0,,2026-07-01T10:00:00,POSTED,
INV000211,2026-06-16T09:00:00,1000,V0025,1485.52,EUR,PO00673,true,0,0,MATCH,false,false,0,,2026-07-01T10:00:00,POSTED,
INV000212,2026-06-17T09:00:00,1000,V0152,459.83,EUR,PO00711,true,0,0,MATCH,false,false,0,,2026-07-01T10:00:00,POSTED,
INV000213,2026-06-18T09:00:00,1000,V0203,5116.76,EUR,PO00868,true,0,0,MATCH,false,true,0,,2026-07-01T10:00:00,POSTED,
INV000214,2026-06-19T09:00:00,1000,V0164,946.6,EUR,PO00803,true,0,0,MATCH,false,false,0,,2026-07-01T10:00:00,POSTED,
INV000215,2026-06-20T09:00:00,1000,V0060,294.07,EUR,PO00271,true,0,0,MATCH,false,false,0,,2026-07-01T10:00:00,POSTED,
INV000216,2026-06-21T09:00:00,1000,V0278,991.83,EUR,PO00178,true,0,0,MATCH,false,false,0,,2026-07-01T10:00:00,POSTED,
INV000217,2026-06-22T09:00:00,1000,V0206,740.11,EUR,PO00160,true,0,0,MATCH,false,false,0,,2026-07-01T10:00:00,POSTED,
INV000218,2026-06-23T09:00:00,1000,V0233,382.68,EUR,PO00199,true,0,0,MATCH,false,false,0,,2026-07-01T10:00:00,POSTED,
INV000219,2026-06-24T09:00:00,1000,V0125,15191.19,EUR,PO00684,true,0,0,MATCH,false,false,0,,2026-07-01T10:00:00,POSTED,
INV000220,2026-06-25T09:00:00,1000,V0178,230.86,EUR,PO00280,true,1092.67,0,PRICE,false,false,1,AP clerk,2026-07-01T10:00:00,POSTED,
INV000221,2026-06-26T09:00:00,1000,V0115,3871.32,EUR,PO00322,true,0,0,MATCH,false,false,0,,2026-07-01T10:00:00,POSTED,
INV000222,2026-06-27T09:00:00,1000,V0017,4511.43,EUR,PO00112,true,0,0,MATCH,false,false,0,,2026-07-01T10:00:00,POSTED,
INV000223,2026-06-28T09:00:00,1000,V0127,7128.7,EUR,PO00791,true,0,0,MATCH,false,false,0,,2026-07-01T10:00:00,POSTED,
INV000224,2026-06-01T09:00:00,1000,V0180,2102.46,EUR,PO00174,true,0,0,MATCH,false,false,0,,2026-07-01T10:00:00,POSTED,
INV000225,2026-06-02T09:00:00,1000,V0201,150.25,EUR,PO00503,true,0,0,MATCH,false,false,0,,2026-07-01T10:00:00,POSTED,
INV000226,2026-06-03T09:00:00,1000,V0241,4750.2,EUR,PO00571,true,0,0,MATCH,false,false,0,,2026-07-01T10:00:00,POSTED,
INV000227,2026-06-04T09:00:00,1000,V0050,513.27,EUR,PO00124,true,0,0,MATCH,false,false,0,,2026-07-01T10:00:00,POSTED,
INV000228,2026-06-05T09:00:00,1000,V0004,10522.94,EUR,PO00607,true,64.08,0,PRICE,false,false,1,AP clerk,2026-07-01T10:00:00,POSTED,
INV000229,2026-06-06T09:00:00,1000,V0181,465.08,EUR,PO00876,true,0,0,MATCH,false,false,0,,2026-07-01T10:00:00,POSTED,
INV000230,2026-06-07T09:00:00,1000,V0232,1323.24,EUR,PO00006,true,0,0,MATCH,false,false,0,,2026-07-01T10:00:00,POSTED,
INV000231,2026-06-08T09:00:00,1000,V0122,243.1,EUR,PO00599,true,0,0,MATCH,false,false,0,,2026-07-01T10:00:00,POSTED,
INV000232,2026-06-09T09:00:00,1000,V0250,468.34,EUR,PO00314,true,191.12,0,PRICE,false,false,1,AP clerk,2026-07-01T10:00:00,POSTED,
INV000233,2026-06-10T09:00:00,1000,V0096,2374.91,EUR,PO00666,true,0,0,MATCH,false,false,0,,2026-07-01T10:00:00,POSTED,
INV000234,2026-06-11T09:00:00,1000,V0178,9014.11,EUR,PO00859,true,0,0,MATCH,false,true,0,,2026-07-01T10:00:00,POSTED,
INV000235,2026-06-12T09:00:00,1000,V0085,1853.78,EUR,PO00320,true,0,0,MATCH,false,false,0,,2026-07-01T10:00:00,POSTED,
INV000236,2026-06-13T09:00:00,1000,V0100,888.78,EUR,PO00200,true,1915.53,0,PRICE,false,false,1,AP clerk,2026-07-01T10:00:00,POSTED,
INV000237,2026-06-14T09:00:00,1000,V0011,2606.01,EUR,PO00560,true,0,0,MATCH,false,true,0,,2026-07-01T10:00:00,POSTED,
INV000238,2026-06-15T09:00:00,1000,V0083,120.67,EUR,PO00278,true,0,0,MATCH,false,false,0,,2026-07-01T10:00:00,POSTED,
INV000239,2026-06-16T09:00:00,1000,V0058,1364.91,EUR,PO00235,true,0,0,MATCH,false,false,0,,2026-07-01T10:00:00,POSTED,
INV000240,2026-06-17T09:00:00,1000,V0203,1064.24,EUR,PO00684,true,202.97,0,PRICE,false,false,1,AP clerk,2026-07-01T10:00:00,POSTED,
INV000241,2026-06-18T09:00:00,1000,V0276,709.17,EUR,,true,0,0,DUP,false,false,1,AP clerk,2026-07-01T10:00:00,DUPLICATE_CONFIRMED,
INV000242,2026-06-19T09:00:00,1000,V0133,437.57,EUR,PO00377,true,0,0,MATCH,false,false,0,,2026-07-01T10:00:00,POSTED,
INV000243,2026-06-20T09:00:00,1000,V0119,1859.33,EUR,PO00677,true,44.84,0,PRICE,false,false,1,AP clerk,2026-07-01T10:00:00,POSTED,
INV000244,2026-06-21T09:00:00,1000,V0117,834.15,EUR,PO00871,true,0,0,MATCH,false,false,0,,2026-07-01T10:00:00,POSTED,
INV000245,2026-06-22T09:00:00,1000,V0240,1029.25,EUR,PO00647,true,0,0,MATCH,false,false,0,,2026-07-01T10:00:00,POSTED,
INV000246,2026-06-23T09:00:00,1000,V0166,1742.91,EUR,,true,0,0,DUP,false,false,1,AP clerk,2026-07-01T10:00:00,DUPLICATE_CONFIRMED,
INV000247,2026-06-24T09:00:00,1000,V0229,1931.4,EUR,PO00809,true,0,0,MATCH,false,true,0,,2026-07-01T10:00:00,POSTED,
INV000248,2026-06-25T09:00:00,1000,V0008,1032.76,EUR,PO00716,true,0,0,MATCH,false,false,0,,2026-07-01T10:00:00,POSTED,
INV000249,2026-06-26T09:00:00,1000,V0024,254.87,EUR,PO00123,true,0,0,MATCH,false,false,0,,2026-07-01T10:00:00,POSTED,
INV000250,2026-06-27T09:00:00,1000,V0224,1291.49,EUR,PO00653,true,0,0,MATCH,false,false,0,,2026-07-01T10:00:00,POSTED,
INV000251,2026-06-28T09:00:00,1000,V0115,5397.02,EUR,PO00506,true,0,0,MATCH,false,false,0,,2026-07-01T10:00:00,POSTED,
INV000252,2026-06-01T09:00:00,1000,V0005,1095.9,EUR,PO00195,true,193.62,0,PRICE,false,false,1,AP clerk,2026-07-01T10:00:00,POSTED,
INV000253,2026-06-02T09:00:00,1000,V0153,270.42,EUR,PO00455,true,0,0,MATCH,false,false,0,,2026-07-01T10:00:00,POSTED,
INV000254,2026-06-03T09:00:00,1000,V0245,502.14,EUR,PO00222,true,0,0,MATCH,false,false,0,,2026-07-01T10:00:00,POSTED,
INV000255,2026-06-04T09:00:00,1000,V0062,2111.61,EUR,PO00294,true,0,0,MATCH,false,false,0,,2026-07-01T10:00:00,POSTED,
INV000256,2026-06-05T09:00:00,1000,V0287,1052.16,EUR,PO00537,true,66.2,0,PRICE,false,false,1,AP clerk,2026-07-01T10:00:00,POSTED,
INV000257,2026-06-06T09:00:00,1000,V0054,412.23,EUR,PO00149,true,0,0,MATCH,false,false,0,,2026-07-01T10:00:00,POSTED,
INV000258,2026-06-07T09:00:00,1000,V0218,874.29,EUR,PO00855,true,236.85,0,PRICE,false,false,1,AP clerk,2026-07-01T10:00:00,POSTED,
INV000259,2026-06-08T09:00:00,1000,V0045,589.91,EUR,PO00738,true,0,0,MATCH,false,false,0,,2026-07-01T10:00:00,POSTED,
INV000260,2026-06-09T09:00:00,1000,V0284,2616.34,EUR,PO00448,true,0,0,MATCH,false,false,0,,2026-07-01T10:00:00,POSTED,
INV000261,2026-06-10T09:00:00,1000,V0233,961.43,EUR,PO00487,true,0,0,MATCH,false,false,0,,2026-07-01T10:00:00,POSTED,
INV000262,2026-06-11T09:00:00,1000,V0039,512.88,EUR,PO00107,true,0,0,MATCH,false,false,0,,2026-07-01T10:00:00,POSTED,
INV000263,2026-06-12T09:00:00,1000,V0260,1697.21,EUR,PO00690,true,0,0,MATCH,false,false,0,,2026-07-01T10:00:00,POSTED,
INV000264,2026-06-13T09:00:00,1000,V0267,838.67,EUR,PO00031,true,0,0,MATCH,false,true,0,,2026-07-01T10:00:00,POSTED,
INV000265,2026-06-14T09:00:00,1000,V0212,761.84,EUR,PO00322,true,0,0,MATCH,false,false,0,,2026-07-01T10:00:00,POSTED,
INV000266,2026-06-15T09:00:00,1000,V0117,3530.24,EUR,PO00071,true,0,0,MATCH,false,false,0,,2026-07-01T10:00:00,POSTED,
INV000267,2026-06-16T09:00:00,1000,V0297,770.73,EUR,PO00480,true,0,0,MATCH,false,false,0,,2026-07-01T10:00:00,POSTED,
INV000268,2026-06-17T09:00:00,1000,V0026,423.82,EUR,PO00892,true,0,0,MATCH,false,false,0,,2026-07-01T10:00:00,POSTED,
INV000269,2026-06-18T09:00:00,1000,V0121,4531.34,EUR,PO00440,true,0,0,MATCH,false,false,0,,2026-07-01T10:00:00,POSTED,
INV000270,2026-06-19T09:00:00,1000,V0252,2762.9,EUR,PO00456,true,0,0,MATCH,false,false,0,,2026-07-01T10:00:00,POSTED,
INV000271,2026-06-20T09:00:00,1000,V0237,1669.32,EUR,PO00287,true,222.07,0,PRICE,false,false,1,AP clerk,2026-07-01T10:00:00,POSTED,
INV000272,2026-06-21T09:00:00,1000,V0158,1514.65,EUR,PO00356,true,0,0,MATCH,false,false,0,,2026-07-01T10:00:00,POSTED,
INV000273,2026-06-22T09:00:00,1000,V0137,479.48,EUR,PO00226,true,1297.85,0,PRICE,false,false,1,AP clerk,2026-07-01T10:00:00,POSTED,
INV000274,2026-06-23T09:00:00,1000,V0016,825.54,EUR,PO00796,true,0,0,MATCH,false,false,0,,2026-07-01T10:00:00,POSTED,
INV000275,2026-06-24T09:00:00,1000,V0270,1597.07,EUR,PO00740,true,0,0,MATCH,false,false,0,,2026-07-01T10:00:00,POSTED,
INV000276,2026-06-25T09:00:00,1000,V0190,637.53,EUR,,true,0,0,DUP,false,true,1,AP clerk,2026-07-01T10:00:00,DUPLICATE_CONFIRMED,
INV000277,2026-06-26T09:00:00,1000,V0143,2549.4,EUR,PO00336,true,1208.62,0,PRICE,false,false,1,AP clerk,2026-07-01T10:00:00,POSTED,
INV000278,2026-06-27T09:00:00,1000,V0114,268.1,EUR,PO00306,true,377.83,0,PRICE,false,false,1,AP clerk,2026-07-01T10:00:00,POSTED,
INV000279,2026-06-28T09:00:00,1000,V0169,1108.33,EUR,PO00697,true,0,0,MATCH,false,false,0,,2026-07-01T10:00:00,POSTED,
INV000280,2026-06-01T09:00:00,1000,V0202,661.62,EUR,PO00660,true,0,0,MATCH,false,false,0,,2026-07-01T10:00:00,POSTED,
INV000281,2026-06-02T09:00:00,1000,V0100,1187.86,EUR,PO00588,true,0,0,MATCH,false,false,0,,2026-07-01T10:00:00,POSTED,
INV000282,2026-06-03T09:00:00,1000,V0014,6520.24,EUR,PO00704,true,0,0,MATCH,false,false,0,,2026-07-01T10:00:00,POSTED,
INV000283,2026-06-04T09:00:00,1000,V0095,390.83,EUR,PO00209,true,852.99,0,PRICE,false,false,1,AP clerk,2026-07-01T10:00:00,REJECTED,
INV000284,2026-06-05T09:00:00,1000,V0071,1555.7,EUR,PO00633,true,0,0,MATCH,false,false,0,,2026-07-01T10:00:00,POSTED,
INV000285,2026-06-06T09:00:00,1000,V0136,788.68,EUR,PO00292,true,0,0,MATCH,false,false,0,,2026-07-01T10:00:00,POSTED,
INV000286,2026-06-07T09:00:00,1000,V0288,2037.64,EUR,PO00804,true,0,0,MATCH,false,false,0,,2026-07-01T10:00:00,POSTED,
INV000287,2026-06-08T09:00:00,1000,V0299,348.56,EUR,PO00663,true,0,0,MATCH,false,false,0,,2026-07-01T10:00:00,POSTED,
INV000288,2026-06-09T09:00:00,1000,V0242,1417.58,EUR,PO00673,true,1615.19,0,PRICE,false,false,1,AP clerk,2026-07-01T10:00:00,POSTED,
INV000289,2026-06-10T09:00:00,1000,V0270,4160.88,EUR,PO00200,true,0,0,MATCH,false,false,0,,2026-07-01T10:00:00,POSTED,
INV000290,2026-06-11T09:00:00,1000,V0059,1027.79,EUR,PO00069,true,0,0,MATCH,false,false,0,,2026-07-01T10:00:00,POSTED,
INV000291,2026-06-12T09:00:00,1000,V0120,2295.07,EUR,PO00135,true,0,0,MATCH,false,false,0,,2026-07-01T10:00:00,POSTED,
INV000292,2026-06-13T09:00:00,1000,V0226,1743.71,EUR,PO00003,true,0,0,MATCH,false,false,0,,2026-07-01T10:00:00,POSTED,
INV000293,2026-06-14T09:00:00,1000,V0108,193.98,EUR,PO00446,true,0,0,MATCH,false,false,0,,2026-07-01T10:00:00,POSTED,
INV000294,2026-06-15T09:00:00,1000,V0057,393.84,EUR,PO00623,true,0,0,MATCH,false,false,0,,2026-07-01T10:00:00,POSTED,
INV000295,2026-06-16T09:00:00,1000,V0256,5920.54,EUR,PO00138,true,0,0,MATCH,false,false,0,,2026-07-01T10:00:00,POSTED,
INV000296,2026-06-17T09:00:00,1000,V0020,1457.39,EUR,PO00492,true,0,0,MATCH,false,false,0,,2026-07-01T10:00:00,POSTED,
INV000297,2026-06-18T09:00:00,1000,V0219,3114.36,EUR,PO00458,true,91.01,0,PRICE,false,false,1,AP clerk,2026-07-01T10:00:00,POSTED,
INV000298,2026-06-19T09:00:00,1000,V0211,3918.14,EUR,PO00399,true,0,0,MATCH,false,false,0,,2026-07-01T10:00:00,POSTED,
INV000299,2026-06-20T09:00:00,1000,V0038,517.93,EUR,PO00511,true,0,0,MATCH,false,false,0,,2026-07-01T10:00:00,POSTED,
INV000300,2026-06-21T09:00:00,1000,V0099,3576.96,EUR,PO00036,true,151.7,0,PRICE,false,false,1,AP clerk,2026-07-01T10:00:00,POSTED,
INV000301,2026-06-22T09:00:00,1000,V0065,1316.92,EUR,PO00208,true,58.91,0,PRICE,false,false,1,AP clerk,2026-07-01T10:00:00,POSTED,
INV000302,2026-06-23T09:00:00,1000,V0001,4474.01,EUR,PO00508,true,0,0,MATCH,false,false,0,,2026-07-01T10:00:00,POSTED,
INV000303,2026-06-24T09:00:00,1000,V0287,3148.08,EUR,PO00855,true,0,0,MATCH,false,false,0,,2026-07-01T10:00:00,POSTED,
INV000304,2026-06-25T09:00:00,1000,V0122,4017.61,EUR,PO00718,true,0,0,MATCH,false,false,0,,2026-07-01T10:00:00,POSTED,
INV000305,2026-06-26T09:00:00,1000,V0021,5250.78,EUR,PO00482,true,0,0,MATCH,false,false,0,,2026-07-01T10:00:00,POSTED,
INV000306,2026-06-27T09:00:00,1000,V0290,1012.49,EUR,PO00198,true,0,0,MATCH,false,false,0,,2026-07-01T10:00:00,POSTED,
INV000307,2026-06-28T09:00:00,1000,V0101,226.87,EUR,PO00641,true,0,0,MATCH,false,false,0,,2026-07-01T10:00:00,POSTED,
INV000308,2026-06-01T09:00:00,1000,V0140,4555.75,EUR,PO00016,true,0,0,MATCH,false,false,0,,2026-07-01T10:00:00,POSTED,
INV000309,2026-06-02T09:00:00,1000,V0219,228.22,EUR,PO00178,true,0,0,MATCH,false,false,0,,2026-07-01T10:00:00,POSTED,
INV000310,2026-06-03T09:00:00,1000,V0162,658.85,EUR,PO00667,true,0,0,MATCH,false,false,0,,2026-07-01T10:00:00,POSTED,
INV000311,2026-06-04T09:00:00,1000,V0095,5638.51,EUR,PO00502,true,0,0,BANK,true,false,2,AP supervisor; Treasury,2026-07-01T10:00:00,POSTED,
INV000312,2026-06-05T09:00:00,1000,V0085,2080.88,EUR,PO00058,true,0,0,MATCH,false,false,0,,2026-07-01T10:00:00,POSTED,
INV000313,2026-06-06T09:00:00,1000,V0242,2053.38,EUR,PO00180,true,875.84,0,PRICE,false,false,1,AP clerk,2026-07-01T10:00:00,REJECTED,
INV000314,2026-06-07T09:00:00,1000,V0189,1481.9,EUR,PO00674,true,0,0,MATCH,false,false,0,,2026-07-01T10:00:00,POSTED,
INV000315,2026-06-08T09:00:00,1000,V0138,768.91,EUR,PO00114,true,0,0,MATCH,false,false,0,,2026-07-01T10:00:00,POSTED,
INV000316,2026-06-09T09:00:00,1000,V0240,2829.51,EUR,PO00332,true,0,0,MATCH,false,false,0,,2026-07-01T10:00:00,POSTED,
INV000317,2026-06-10T09:00:00,1000,V0064,957.87,EUR,PO00788,true,0,0,MATCH,false,false,0,,2026-07-01T10:00:00,POSTED,
INV000318,2026-06-11T09:00:00,1000,V0158,4328.27,EUR,PO00845,true,0,0,MATCH,false,false,0,,2026-07-01T10:00:00,POSTED,
INV000319,2026-06-12T09:00:00,1000,V0131,361.81,EUR,,true,0,0,DUP,false,false,1,AP clerk,2026-07-01T10:00:00,DUPLICATE_CONFIRMED,
INV000320,2026-06-13T09:00:00,1000,V0132,2073.08,EUR,PO00763,true,0,0,MATCH,false,false,0,,2026-07-01T10:00:00,POSTED,
INV000321,2026-06-14T09:00:00,1000,V0191,1389.3,EUR,PO00854,true,0,0,MATCH,false,false,0,,2026-07-01T10:00:00,POSTED,
INV000322,2026-06-15T09:00:00,1000,V0134,4624.05,EUR,PO00274,true,0,0,MATCH,false,false,0,,2026-07-01T10:00:00,POSTED,
INV000323,2026-06-16T09:00:00,1000,V0146,132.65,EUR,PO00447,true,0,0,MATCH,false,false,0,,2026-07-01T10:00:00,POSTED,
INV000324,2026-06-17T09:00:00,1000,V0067,338.2,EUR,PO00809,true,0,0,BANK,true,false,2,AP supervisor; Treasury,2026-07-01T10:00:00,FRAUD_CONFIRMED,
INV000325,2026-06-18T09:00:00,1000,V0137,742.51,EUR,PO00431,true,0,0,MATCH,false,false,0,,2026-07-01T10:00:00,POSTED,
INV000326,2026-06-19T09:00:00,1000,V0070,613.89,EUR,PO00520,true,0,0,MATCH,false,false,0,,2026-07-01T10:00:00,POSTED,
INV000327,2026-06-20T09:00:00,1000,V0034,2624.88,EUR,PO00634,true,0,0,MATCH,false,false,0,,2026-07-01T10:00:00,POSTED,
INV000328,2026-06-21T09:00:00,1000,V0197,1878.59,EUR,PO00018,true,0,0,MATCH,false,false,0,,2026-07-01T10:00:00,POSTED,
INV000329,2026-06-22T09:00:00,1000,V0226,1247.59,EUR,PO00483,true,85.62,0,PRICE,false,false,1,AP clerk,2026-07-01T10:00:00,POSTED,
INV000330,2026-06-23T09:00:00,1000,V0179,3086.68,EUR,PO00551,true,0,0,MATCH,false,false,0,,2026-07-01T10:00:00,POSTED,
INV000331,2026-06-24T09:00:00,1000,V0075,1672.89,EUR,PO00433,true,158.97,0,PRICE,false,false,1,AP clerk,2026-07-01T10:00:00,POSTED,
INV000332,2026-06-25T09:00:00,1000,V0123,4479.55,EUR,PO00540,true,0,0,MATCH,false,true,0,,2026-07-01T10:00:00,POSTED,
INV000333,2026-06-26T09:00:00,1000,V0191,2633.23,EUR,PO00012,true,0,0,MATCH,false,false,0,,2026-07-01T10:00:00,POSTED,
INV000334,2026-06-27T09:00:00,1000,V0079,976.67,EUR,PO00163,true,0,0,MATCH,false,false,0,,2026-07-01T10:00:00,POSTED,
INV000335,2026-06-28T09:00:00,1000,V0112,6015.13,EUR,PO00451,true,0,0,MATCH,false,false,0,,2026-07-01T10:00:00,POSTED,
INV000336,2026-06-01T09:00:00,1000,V0183,1095.59,EUR,PO00149,true,0,0,MATCH,false,false,0,,2026-07-01T10:00:00,POSTED,
INV000337,2026-06-02T09:00:00,1000,V0033,129.46,EUR,PO00439,true,0,0,MATCH,false,false,0,,2026-07-01T10:00:00,POSTED,
INV000338,2026-06-03T09:00:00,1000,V0243,865.7,EUR,PO00406,true,0,0,MATCH,false,false,0,,2026-07-01T10:00:00,POSTED,
INV000339,2026-06-04T09:00:00,1000,V0126,267.03,EUR,PO00821,true,0,0,MATCH,false,false,0,,2026-07-01T10:00:00,POSTED,
INV000340,2026-06-05T09:00:00,1000,V0140,99.65,EUR,PO00602,true,0,0,MATCH,false,false,0,,2026-07-01T10:00:00,POSTED,
INV000341,2026-06-06T09:00:00,1000,V0195,654.35,EUR,PO00569,true,0,0,MATCH,false,false,0,,2026-07-01T10:00:00,POSTED,
INV000342,2026-06-07T09:00:00,1000,V0252,131.37,EUR,PO00402,true,0,0,MATCH,false,false,0,,2026-07-01T10:00:00,POSTED,
INV000343,2026-06-08T09:00:00,1000,V0165,1301.46,EUR,PO00206,true,0,0,MATCH,false,false,0,,2026-07-01T10:00:00,POSTED,
INV000344,2026-06-09T09:00:00,1000,V0168,1671.59,EUR,PO00860,true,0,0,MATCH,false,false,0,,2026-07-01T10:00:00,POSTED,
INV000345,2026-06-10T09:00:00,1000,V0183,307.44,EUR,PO00631,true,0,0,MATCH,false,false,0,,2026-07-01T10:00:00,POSTED,
INV000346,2026-06-11T09:00:00,1000,V0027,414.42,EUR,PO00398,true,0,0,MATCH,false,false,0,,2026-07-01T10:00:00,POSTED,
INV000347,2026-06-12T09:00:00,1000,V0072,907.56,EUR,PO00406,true,284.53,0,PRICE,false,false,1,AP clerk,2026-07-01T10:00:00,POSTED,
INV000348,2026-06-13T09:00:00,1000,V0157,1253.72,EUR,PO00692,true,0,0,MATCH,false,false,0,,2026-07-01T10:00:00,POSTED,
INV000349,2026-06-14T09:00:00,1000,V0260,219.84,EUR,PO00347,true,0,0,MATCH,false,false,0,,2026-07-01T10:00:00,POSTED,
INV000350,2026-06-15T09:00:00,1000,V0241,2119.58,EUR,PO00156,true,209.06,0,PRICE,false,false,1,AP clerk,2026-07-01T10:00:00,POSTED,
INV000351,2026-06-16T09:00:00,1000,V0019,1472.25,EUR,PO00550,true,0,0,MATCH,false,false,0,,2026-07-01T10:00:00,POSTED,
INV000352,2026-06-17T09:00:00,1000,V0185,166.73,EUR,PO00830,true,0,0,MATCH,false,false,0,,2026-07-01T10:00:00,POSTED,
INV000353,2026-06-18T09:00:00,1000,V0050,434.88,EUR,PO00824,true,0,0,MATCH,false,false,0,,2026-07-01T10:00:00,POSTED,
INV000354,2026-06-19T09:00:00,1000,V0107,604.94,EUR,PO00766,true,0,0,MATCH,false,false,0,,2026-07-01T10:00:00,POSTED,
INV000355,2026-06-20T09:00:00,1000,V0198,507.35,EUR,PO00129,true,0,0,MATCH,false,false,0,,2026-07-01T10:00:00,POSTED,
INV000356,2026-06-21T09:00:00,1000,V0126,1728.29,EUR,,true,0,0,DUP,false,false,1,AP clerk,2026-07-01T10:00:00,DUPLICATE_CONFIRMED,
INV000357,2026-06-22T09:00:00,1000,V0293,1620.18,EUR,PO00809,true,0,0,MATCH,false,false,0,,2026-07-01T10:00:00,POSTED,
INV000358,2026-06-23T09:00:00,1000,V0073,2343.54,EUR,PO00545,true,60.27,0,PRICE,false,false,1,AP clerk,2026-07-01T10:00:00,REJECTED,
INV000359,2026-06-24T09:00:00,1000,V0094,1069.86,EUR,PO00646,true,109.24,0,PRICE,false,false,1,AP clerk,2026-07-01T10:00:00,POSTED,
INV000360,2026-06-25T09:00:00,1000,V0157,6393.12,EUR,PO00737,true,0,0,MATCH,false,false,0,,2026-07-01T10:00:00,POSTED,
INV000361,2026-06-26T09:00:00,1000,V0137,2273.42,EUR,PO00769,true,0,0,MATCH,false,false,0,,2026-07-01T10:00:00,POSTED,
INV000362,2026-06-27T09:00:00,1000,V0091,504.97,EUR,PO00645,true,1362.96,0,PRICE,false,false,1,AP clerk,2026-07-01T10:00:00,POSTED,
INV000363,2026-06-28T09:00:00,1000,V0084,908.8,EUR,PO00644,true,0,0,MATCH,false,false,0,,2026-07-01T10:00:00,POSTED,
INV000364,2026-06-01T09:00:00,1000,V0294,4799.98,EUR,PO00255,true,0,0,MATCH,false,false,0,,2026-07-01T10:00:00,POSTED,
INV000365,2026-06-02T09:00:00,1000,V0038,237.14,EUR,PO00714,true,0,0,MATCH,false,false,0,,2026-07-01T10:00:00,POSTED,
INV000366,2026-06-03T09:00:00,1000,V0069,1642.61,EUR,PO00402,true,0,0,MATCH,false,false,0,,2026-07-01T10:00:00,POSTED,
INV000367,2026-06-04T09:00:00,1000,V0238,1592.36,EUR,PO00712,true,0,0,MATCH,false,false,0,,2026-07-01T10:00:00,POSTED,
INV000368,2026-06-05T09:00:00,1000,V0158,1399.29,EUR,PO00058,true,0,0,MATCH,false,false,0,,2026-07-01T10:00:00,POSTED,
INV000369,2026-06-06T09:00:00,1000,V0281,2066.88,EUR,PO00740,true,0,0,MATCH,false,false,0,,2026-07-01T10:00:00,POSTED,
INV000370,2026-06-07T09:00:00,1000,V0177,372.45,EUR,PO00340,true,0,0,MATCH,false,false,0,,2026-07-01T10:00:00,POSTED,
INV000371,2026-06-08T09:00:00,1000,V0042,3505.68,EUR,PO00124,true,0,0,MATCH,false,true,0,,2026-07-01T10:00:00,POSTED,
INV000372,2026-06-09T09:00:00,1000,V0176,207.04,EUR,PO00008,true,0,0,MATCH,false,true,0,,2026-07-01T10:00:00,POSTED,
INV000373,2026-06-10T09:00:00,1000,V0092,3367.52,EUR,PO00626,true,0,0,MATCH,false,false,0,,2026-07-01T10:00:00,POSTED,
INV000374,2026-06-11T09:00:00,1000,V0127,391.11,EUR,PO00201,true,0,0,MATCH,false,false,0,,2026-07-01T10:00:00,POSTED,
INV000375,2026-06-12T09:00:00,1000,V0247,510.93,EUR,PO00635,true,0,0,MATCH,false,false,0,,2026-07-01T10:00:00,POSTED,
INV000376,2026-06-13T09:00:00,1000,V0261,641.04,EUR,PO00617,true,0,0,BANK,true,false,2,AP supervisor; Treasury,2026-07-01T10:00:00,POSTED,
INV000377,2026-06-14T09:00:00,1000,V0139,254.41,EUR,PO00309,true,0,0,MATCH,false,false,0,,2026-07-01T10:00:00,POSTED,
INV000378,2026-06-15T09:00:00,1000,V0189,1939.79,EUR,PO00515,true,0,0,BANK,true,false,2,AP supervisor; Treasury,2026-07-01T10:00:00,POSTED,
INV000379,2026-06-16T09:00:00,1000,V0285,1882.98,EUR,PO00654,true,135.5,0,PRICE,false,false,1,AP clerk,2026-07-01T10:00:00,POSTED,
INV000380,2026-06-17T09:00:00,1000,V0253,867.97,EUR,PO00286,true,0,0,MATCH,false,false,0,,2026-07-01T10:00:00,POSTED,
INV000381,2026-06-18T09:00:00,1000,V0206,547.29,EUR,PO00812,true,0,0,MATCH,false,false,0,,2026-07-01T10:00:00,POSTED,
INV000382,2026-06-19T09:00:00,1000,V0071,998.95,EUR,PO00704,true,0,0,MATCH,false,false,0,,2026-07-01T10:00:00,POSTED,
INV000383,2026-06-20T09:00:00,1000,V0020,1202.8,EUR,PO00694,true,0,0,MATCH,false,false,0,,2026-07-01T10:00:00,POSTED,
INV000384,2026-06-21T09:00:00,1000,V0202,2766.08,EUR,PO00043,true,0,0,MATCH,false,false,0,,2026-07-01T10:00:00,POSTED,
INV000385,2026-06-22T09:00:00,1000,V0191,1804.02,EUR,PO00744,true,234.46,0,PRICE,false,false,1,AP clerk,2026-07-01T10:00:00,POSTED,
INV000386,2026-06-23T09:00:00,1000,V0102,1257.56,EUR,PO00655,true,138.3,0,PRICE,false,false,1,AP clerk,2026-07-01T10:00:00,POSTED,
INV000387,2026-06-24T09:00:00,1000,V0122,292.4,EUR,PO00114,true,148.37,0,PRICE,false,true,1,AP clerk,2026-07-01T10:00:00,POSTED,
INV000388,2026-06-25T09:00:00,1000,V0241,2380.4,EUR,PO00128,true,0,0,MATCH,false,false,0,,2026-07-01T10:00:00,POSTED,
INV000389,2026-06-26T09:00:00,1000,V0097,6548.77,EUR,PO00200,true,0,0,MATCH,false,false,0,,2026-07-01T10:00:00,POSTED,
INV000390,2026-06-27T09:00:00,1000,V0280,2484.77,EUR,,true,0,0,DUP,false,false,1,AP clerk,2026-07-01T10:00:00,DUPLICATE_CONFIRMED,
INV000391,2026-06-28T09:00:00,1000,V0291,1637.33,EUR,PO00682,true,0,0,MATCH,false,false,0,,2026-07-01T10:00:00,POSTED,
INV000392,2026-06-01T09:00:00,1000,V0031,2075.43,EUR,PO00194,true,0,0,MATCH,false,false,0,,2026-07-01T10:00:00,POSTED,
INV000393,2026-06-02T09:00:00,1000,V0221,639.98,EUR,PO00704,true,0,0,MATCH,false,false,0,,2026-07-01T10:00:00,POSTED,
INV000394,2026-06-03T09:00:00,1000,V0291,1476.3,EUR,PO00067,true,0,0,MATCH,false,false,0,,2026-07-01T10:00:00,POSTED,
INV000395,2026-06-04T09:00:00,1000,V0171,230.72,EUR,PO00635,true,0,0,MATCH,false,true,0,,2026-07-01T10:00:00,POSTED,
INV000396,2026-06-05T09:00:00,1000,V0212,231.46,EUR,PO00030,true,0,0,MATCH,false,false,0,,2026-07-01T10:00:00,POSTED,
INV000397,2026-06-06T09:00:00,1000,V0246,2896.76,EUR,PO00552,true,963.69,0,PRICE,false,false,1,AP clerk,2026-07-01T10:00:00,POSTED,
INV000398,2026-06-07T09:00:00,1000,V0015,6206.28,EUR,PO00097,true,0,0,MATCH,false,false,0,,2026-07-01T10:00:00,POSTED,
INV000399,2026-06-08T09:00:00,1000,V0143,1283.48,EUR,PO00407,true,0,0,MATCH,false,false,0,,2026-07-01T10:00:00,POSTED,
INV000400,2026-06-09T09:00:00,1000,V0093,763.2,EUR,PO00172,true,0,0,MATCH,false,false,0,,2026-07-01T10:00:00,POSTED,
INV000401,2026-06-10T09:00:00,1000,V0198,192.76,EUR,PO00040,true,0,0,MATCH,false,false,0,,2026-07-01T10:00:00,POSTED,
INV000402,2026-06-11T09:00:00,1000,V0177,354.71,EUR,PO00539,true,0,0,MATCH,false,false,0,,2026-07-01T10:00:00,POSTED,
INV000403,2026-06-12T09:00:00,1000,V0148,812.36,EUR,PO00103,true,0,0,MATCH,false,false,0,,2026-07-01T10:00:00,POSTED,
INV000404,2026-06-13T09:00:00,1000,V0036,312.8,EUR,PO00114,true,0,0,BANK,true,false,2,AP supervisor; Treasury,2026-07-01T10:00:00,POSTED,
INV000405,2026-06-14T09:00:00,1000,V0086,2277.56,EUR,PO00837,true,25.11,0,PRICE,false,false,1,AP clerk,2026-07-01T10:00:00,REJECTED,
INV000406,2026-06-15T09:00:00,1000,V0237,2627.52,EUR,PO00603,true,0,0,MATCH,false,false,0,,2026-07-01T10:00:00,POSTED,
INV000407,2026-06-16T09:00:00,1000,V0036,1471.48,EUR,PO00773,true,1717.42,0,PRICE,false,false,1,AP clerk,2026-07-01T10:00:00,POSTED,
INV000408,2026-06-17T09:00:00,1000,V0254,1645.21,EUR,PO00441,true,0,0,MATCH,false,false,0,,2026-07-01T10:00:00,POSTED,
INV000409,2026-06-18T09:00:00,1000,V0102,1301.8,EUR,PO00046,true,119.43,0,PRICE,false,false,1,AP clerk,2026-07-01T10:00:00,POSTED,
INV000410,2026-06-19T09:00:00,1000,V0117,1308.46,EUR,PO00040,true,0,0,MATCH,false,false,0,,2026-07-01T10:00:00,POSTED,
INV000411,2026-06-20T09:00:00,1000,V0205,314.41,EUR,PO00343,true,0,0,MATCH,false,false,0,,2026-07-01T10:00:00,POSTED,
INV000412,2026-06-21T09:00:00,1000,V0210,5464.59,EUR,PO00824,true,0,0,MATCH,false,false,0,,2026-07-01T10:00:00,POSTED,
INV000413,2026-06-22T09:00:00,1000,V0084,3607.97,EUR,PO00708,true,0,0,MATCH,false,false,0,,2026-07-01T10:00:00,POSTED,
INV000414,2026-06-23T09:00:00,1000,V0109,5288.52,EUR,PO00638,true,0,0,BANK,true,false,2,AP supervisor; Treasury,2026-07-01T10:00:00,POSTED,
INV000415,2026-06-24T09:00:00,1000,V0143,918.12,EUR,PO00237,true,0,0,MATCH,false,false,0,,2026-07-01T10:00:00,POSTED,
INV000416,2026-06-25T09:00:00,1000,V0084,2185.05,EUR,PO00053,true,0,0,MATCH,false,false,0,,2026-07-01T10:00:00,POSTED,
INV000417,2026-06-26T09:00:00,1000,V0189,176.63,EUR,PO00333,true,201.26,0,PRICE,false,false,1,AP clerk,2026-07-01T10:00:00,POSTED,
INV000418,2026-06-27T09:00:00,1000,V0027,1980.44,EUR,PO00178,true,0,0,MATCH,false,false,0,,2026-07-01T10:00:00,POSTED,
INV000419,2026-06-28T09:00:00,1000,V0212,5633.8,EUR,PO00459,true,0,0,MATCH,false,false,0,,2026-07-01T10:00:00,POSTED,
INV000420,2026-06-01T09:00:00,1000,V0253,613.6,EUR,PO00772,true,0,0,MATCH,false,false,0,,2026-07-01T10:00:00,POSTED,
INV000421,2026-06-02T09:00:00,1000,V0025,202.39,EUR,PO00423,true,2383.97,0,PRICE,false,false,1,AP clerk,2026-07-01T10:00:00,POSTED,
INV000422,2026-06-03T09:00:00,1000,V0076,560.19,EUR,PO00134,true,0,0,MATCH,false,false,0,,2026-07-01T10:00:00,POSTED,
INV000423,2026-06-04T09:00:00,1000,V0080,1829.94,EUR,PO00023,true,0,0,MATCH,false,false,0,,2026-07-01T10:00:00,POSTED,
INV000424,2026-06-05T09:00:00,1000,V0007,331.82,EUR,PO00367,true,0,0,MATCH,false,false,0,,2026-07-01T10:00:00,POSTED,
INV000425,2026-06-06T09:00:00,1000,V0173,746.41,EUR,PO00448,true,0,0,MATCH,false,false,0,,2026-07-01T10:00:00,POSTED,
INV000426,2026-06-07T09:00:00,1000,V0042,1248.27,EUR,PO00573,true,0,0,MATCH,false,false,0,,2026-07-01T10:00:00,POSTED,
INV000427,2026-06-08T09:00:00,1000,V0151,543.34,EUR,PO00593,true,177.31,0,PRICE,false,false,1,AP clerk,2026-07-01T10:00:00,POSTED,
INV000428,2026-06-09T09:00:00,1000,V0199,590.28,EUR,PO00186,true,0,0,MATCH,false,false,0,,2026-07-01T10:00:00,POSTED,
INV000429,2026-06-10T09:00:00,1000,V0239,322.27,EUR,PO00050,true,0,0,MATCH,false,false,0,,2026-07-01T10:00:00,POSTED,
INV000430,2026-06-11T09:00:00,1000,V0055,935.57,EUR,PO00846,true,0,0,MATCH,false,false,0,,2026-07-01T10:00:00,POSTED,
INV000431,2026-06-12T09:00:00,1000,V0166,307.43,EUR,PO00029,true,0,0,MATCH,false,false,0,,2026-07-01T10:00:00,POSTED,
INV000432,2026-06-13T09:00:00,1000,V0293,2236.01,EUR,PO00748,true,1475.47,0,PRICE,false,false,1,AP clerk,2026-07-01T10:00:00,POSTED,
INV000433,2026-06-14T09:00:00,1000,V0268,1263.42,EUR,PO00181,true,0,0,MATCH,false,false,0,,2026-07-01T10:00:00,POSTED,
INV000434,2026-06-15T09:00:00,1000,V0069,7367.8,EUR,PO00841,true,1637.0,0,PRICE,false,false,1,AP clerk,2026-07-01T10:00:00,POSTED,
INV000435,2026-06-16T09:00:00,1000,V0297,687.24,EUR,PO00775,true,0,0,MATCH,false,false,0,,2026-07-01T10:00:00,POSTED,
INV000436,2026-06-17T09:00:00,1000,V0106,2480.5,EUR,PO00633,true,0,0,MATCH,false,false,0,,2026-07-01T10:00:00,POSTED,
INV000437,2026-06-18T09:00:00,1000,V0203,1333.36,EUR,PO00813,true,0,0,MATCH,false,true,0,,2026-07-01T10:00:00,POSTED,
INV000438,2026-06-19T09:00:00,1000,V0063,374.36,EUR,PO00658,true,0,0,MATCH,false,false,0,,2026-07-01T10:00:00,POSTED,
INV000439,2026-06-20T09:00:00,1000,V0057,493.64,EUR,PO00685,true,388.17,0,PRICE,false,false,1,AP clerk,2026-07-01T10:00:00,POSTED,
INV000440,2026-06-21T09:00:00,1000,V0047,1334.11,EUR,PO00265,true,0,0,MATCH,false,false,0,,2026-07-01T10:00:00,POSTED,
INV000441,2026-06-22T09:00:00,1000,V0049,3797.69,EUR,PO00400,true,0,0,MATCH,false,false,0,,2026-07-01T10:00:00,POSTED,
INV000442,2026-06-23T09:00:00,1000,V0240,283.72,EUR,PO00105,true,0,0,MATCH,false,false,0,,2026-07-01T10:00:00,POSTED,
INV000443,2026-06-24T09:00:00,1000,V0279,1733.25,EUR,PO00639,true,0,0,MATCH,false,false,0,,2026-07-01T10:00:00,POSTED,
INV000444,2026-06-25T09:00:00,1000,V0055,1054.02,EUR,PO00777,true,0,0,MATCH,false,false,0,,2026-07-01T10:00:00,POSTED,
INV000445,2026-06-26T09:00:00,1000,V0297,1441.37,EUR,PO00119,true,0,0,MATCH,false,false,0,,2026-07-01T10:00:00,POSTED,
INV000446,2026-06-27T09:00:00,1000,V0261,447.36,EUR,PO00758,true,173.85,0,PRICE,false,false,1,AP clerk,2026-07-01T10:00:00,POSTED,
INV000447,2026-06-28T09:00:00,1000,V0209,4345.41,EUR,PO00589,true,0,0,MATCH,false,false,0,,2026-07-01T10:00:00,POSTED,
INV000448,2026-06-01T09:00:00,1000,V0228,398.14,EUR,PO00016,true,2252.72,0,PRICE,false,false,1,AP clerk,2026-07-01T10:00:00,REJECTED,
INV000449,2026-06-02T09:00:00,1000,V0200,2714.11,EUR,PO00225,true,0,0,MATCH,false,false,0,,2026-07-01T10:00:00,POSTED,
INV000450,2026-06-03T09:00:00,1000,V0246,5192.74,EUR,PO00889,true,116.05,0,PRICE,false,false,1,AP clerk,2026-07-01T10:00:00,POSTED,
INV000451,2026-06-04T09:00:00,1000,V0136,952.27,EUR,PO00036,true,0,0,MATCH,false,false,0,,2026-07-01T10:00:00,POSTED,
INV000452,2026-06-05T09:00:00,1000,V0191,1556.48,EUR,PO00179,true,0,0,MATCH,false,false,0,,2026-07-01T10:00:00,POSTED,
INV000453,2026-06-06T09:00:00,1000,V0132,1424.49,EUR,PO00185,true,2731.79,0,PRICE,false,false,1,AP clerk,2026-07-01T10:00:00,POSTED,
INV000454,2026-06-07T09:00:00,1000,V0162,877.49,EUR,PO00572,true,0,0,MATCH,false,false,0,,2026-07-01T10:00:00,POSTED,
INV000455,2026-06-08T09:00:00,1000,V0084,3680.95,EUR,PO00854,true,0,0,MATCH,false,false,0,,2026-07-01T10:00:00,POSTED,
INV000456,2026-06-09T09:00:00,1000,V0067,6036.55,EUR,PO00487,true,0,0,MATCH,false,false,0,,2026-07-01T10:00:00,POSTED,
INV000457,2026-06-10T09:00:00,1000,V0044,1093.03,EUR,PO00343,true,0,0,MATCH,false,false,0,,2026-07-01T10:00:00,POSTED,
INV000458,2026-06-11T09:00:00,1000,V0192,934.68,EUR,PO00769,true,0,0,MATCH,false,false,0,,2026-07-01T10:00:00,POSTED,
INV000459,2026-06-12T09:00:00,1000,V0159,1779.42,EUR,PO00531,true,90.17,0,PRICE,false,false,1,AP clerk,2026-07-01T10:00:00,POSTED,
INV000460,2026-06-13T09:00:00,1000,V0229,2883.5,EUR,PO00746,true,25.0,0,PRICE,false,false,1,AP clerk,2026-07-01T10:00:00,POSTED,
INV000461,2026-06-14T09:00:00,1000,V0121,4734.32,EUR,PO00799,true,0,0,MATCH,false,false,0,,2026-07-01T10:00:00,POSTED,
INV000462,2026-06-15T09:00:00,1000,V0098,951.17,EUR,PO00802,true,0,0,MATCH,false,false,0,,2026-07-01T10:00:00,POSTED,
INV000463,2026-06-16T09:00:00,1000,V0128,879.59,EUR,PO00274,true,0,0,MATCH,false,false,0,,2026-07-01T10:00:00,POSTED,
INV000464,2026-06-17T09:00:00,1000,V0063,1361.73,EUR,PO00197,true,0,0,MATCH,false,false,0,,2026-07-01T10:00:00,POSTED,
INV000465,2026-06-18T09:00:00,1000,V0203,702.33,EUR,PO00305,true,0,0,MATCH,false,false,0,,2026-07-01T10:00:00,POSTED,
INV000466,2026-06-19T09:00:00,1000,V0298,1565.65,EUR,PO00180,true,0,0,MATCH,false,false,0,,2026-07-01T10:00:00,POSTED,
INV000467,2026-06-20T09:00:00,1000,V0221,2167.78,EUR,PO00104,true,0,0,MATCH,false,false,0,,2026-07-01T10:00:00,POSTED,
INV000468,2026-06-21T09:00:00,1000,V0144,1478.95,EUR,PO00092,true,0,0,MATCH,false,false,0,,2026-07-01T10:00:00,POSTED,
INV000469,2026-06-22T09:00:00,1000,V0105,1475.17,EUR,PO00044,true,12.91,0,PRICE,false,false,1,AP clerk,2026-07-01T10:00:00,POSTED,
INV000470,2026-06-23T09:00:00,1000,V0023,3924.84,EUR,PO00776,true,0,0,MATCH,false,false,0,,2026-07-01T10:00:00,POSTED,
INV000471,2026-06-24T09:00:00,1000,V0111,2045.66,EUR,PO00581,true,0,0,MATCH,false,false,0,,2026-07-01T10:00:00,POSTED,
INV000472,2026-06-25T09:00:00,1000,V0142,1301.44,EUR,PO00188,true,11.14,0,PRICE,false,false,1,AP clerk,2026-07-01T10:00:00,POSTED,
INV000473,2026-06-26T09:00:00,1000,V0195,4417.43,EUR,PO00371,true,112.24,0,PRICE,false,false,1,AP clerk,2026-07-01T10:00:00,POSTED,
INV000474,2026-06-27T09:00:00,1000,V0199,270.12,EUR,PO00124,true,0,0,MATCH,false,false,0,,2026-07-01T10:00:00,POSTED,
INV000475,2026-06-28T09:00:00,1000,V0171,501.41,EUR,PO00263,true,0,0,MATCH,false,false,0,,2026-07-01T10:00:00,POSTED,
INV000476,2026-06-01T09:00:00,1000,V0013,1700.64,EUR,PO00118,true,0,0,MATCH,false,false,0,,2026-07-01T10:00:00,POSTED,
INV000477,2026-06-02T09:00:00,1000,V0171,406.55,EUR,PO00414,true,2279.78,0,PRICE,false,false,1,AP clerk,2026-07-01T10:00:00,REJECTED,
INV000478,2026-06-03T09:00:00,1000,V0062,552.88,EUR,PO00761,true,0,0,MATCH,false,false,0,,2026-07-01T10:00:00,POSTED,
INV000479,2026-06-04T09:00:00,1000,V0066,615.98,EUR,PO00394,true,0,0,MATCH,false,false,0,,2026-07-01T10:00:00,POSTED,
INV000480,2026-06-05T09:00:00,1000,V0202,1314.81,EUR,PO00519,true,121.83,0,PRICE,false,false,1,AP clerk,2026-07-01T10:00:00,POSTED,
INV000481,2026-06-06T09:00:00,1000,V0115,3961.76,EUR,PO00676,true,0,0,MATCH,false,false,0,,2026-07-01T10:00:00,POSTED,
INV000482,2026-06-07T09:00:00,1000,V0222,1475.82,EUR,PO00172,true,0,0,MATCH,false,false,0,,2026-07-01T10:00:00,POSTED,
INV000483,2026-06-08T09:00:00,1000,V0273,3342.33,EUR,PO00617,true,0,0,MATCH,false,false,0,,2026-07-01T10:00:00,POSTED,
INV000484,2026-06-09T09:00:00,1000,V0299,2100.51,EUR,PO00654,true,0,0,MATCH,false,false,0,,2026-07-01T10:00:00,POSTED,
INV000485,2026-06-10T09:00:00,1000,V0082,555.22,EUR,PO00032,true,0,0,MATCH,false,false,0,,2026-07-01T10:00:00,POSTED,
INV000486,2026-06-11T09:00:00,1000,V0003,681.52,EUR,PO00811,true,0,0,BANK,true,false,2,AP supervisor; Treasury,2026-07-01T10:00:00,POSTED,
INV000487,2026-06-12T09:00:00,1000,V0058,2515.21,EUR,PO00161,true,0,0,MATCH,false,false,0,,2026-07-01T10:00:00,POSTED,
INV000488,2026-06-13T09:00:00,1000,V0014,639.04,EUR,PO00181,true,0,0,MATCH,false,false,0,,2026-07-01T10:00:00,POSTED,
INV000489,2026-06-14T09:00:00,1000,V0213,1753.81,EUR,PO00900,true,0,0,MATCH,false,false,0,,2026-07-01T10:00:00,POSTED,
INV000490,2026-06-15T09:00:00,1000,V0268,1871.99,EUR,PO00265,true,0,0,MATCH,false,false,0,,2026-07-01T10:00:00,POSTED,
INV000491,2026-06-16T09:00:00,1000,V0090,635.81,EUR,PO00602,true,0,0,MATCH,false,false,0,,2026-07-01T10:00:00,POSTED,
INV000492,2026-06-17T09:00:00,1000,V0084,67.69,EUR,PO00754,true,0,0,MATCH,false,false,0,,2026-07-01T10:00:00,POSTED,
INV000493,2026-06-18T09:00:00,1000,V0053,916.35,EUR,PO00380,true,0,0,MATCH,false,false,0,,2026-07-01T10:00:00,POSTED,
INV000494,2026-06-19T09:00:00,1000,V0213,4135.18,EUR,PO00719,true,0,0,MATCH,false,false,0,,2026-07-01T10:00:00,POSTED,
INV000495,2026-06-20T09:00:00,1000,V0107,677.05,EUR,PO00214,true,0,0,MATCH,false,false,0,,2026-07-01T10:00:00,POSTED,
INV000496,2026-06-21T09:00:00,1000,V0055,600.43,EUR,PO00041,true,0,0,MATCH,false,false,0,,2026-07-01T10:00:00,POSTED,
INV000497,2026-06-22T09:00:00,1000,V0158,442.83,EUR,PO00548,true,0,0,MATCH,false,false,0,,2026-07-01T10:00:00,POSTED,
INV000498,2026-06-23T09:00:00,1000,V0135,1574.7,EUR,PO00496,true,0,0,MATCH,false,false,0,,2026-07-01T10:00:00,POSTED,
INV000499,2026-06-24T09:00:00,1000,V0005,190.07,EUR,PO00351,true,0,0,MATCH,false,false,0,,2026-07-01T10:00:00,POSTED,
INV000500,2026-06-25T09:00:00,1000,V0259,3205.85,EUR,PO00683,true,0,0,MATCH,false,false,0,,2026-07-01T10:00:00,POSTED,
INV000501,2026-06-26T09:00:00,1000,V0171,2467.17,EUR,PO00629,true,0,0,MATCH,false,false,0,,2026-07-01T10:00:00,POSTED,
INV000502,2026-06-27T09:00:00,1000,V0058,762.65,EUR,PO00213,true,751.88,0,PRICE,false,false,1,AP clerk,2026-07-01T10:00:00,POSTED,
INV000503,2026-06-28T09:00:00,1000,V0013,4055.39,EUR,PO00123,true,0,0,MATCH,false,false,0,,2026-07-01T10:00:00,POSTED,
INV000504,2026-06-01T09:00:00,1000,V0034,11884.7,EUR,PO00580,true,0,0,MATCH,false,true,0,,2026-07-01T10:00:00,POSTED,
INV000505,2026-06-02T09:00:00,1000,V0124,1272.39,EUR,PO00389,true,0,0,MATCH,false,false,0,,2026-07-01T10:00:00,POSTED,
INV000506,2026-06-03T09:00:00,1000,V0062,601.02,EUR,PO00689,true,0,0,MATCH,false,true,0,,2026-07-01T10:00:00,POSTED,
INV000507,2026-06-04T09:00:00,1000,V0010,1507.47,EUR,PO00105,true,0,0,BANK,true,false,2,AP supervisor; Treasury,2026-07-01T10:00:00,FRAUD_CONFIRMED,
INV000508,2026-06-05T09:00:00,1000,V0280,4146.04,EUR,PO00482,true,0,0,MATCH,false,false,0,,2026-07-01T10:00:00,POSTED,
INV000509,2026-06-06T09:00:00,1000,V0054,5343.44,EUR,PO00637,true,175.8,0,PRICE,false,false,1,AP clerk,2026-07-01T10:00:00,POSTED,
INV000510,2026-06-07T09:00:00,1000,V0152,2299.65,EUR,PO00658,true,0,0,MATCH,false,false,0,,2026-07-01T10:00:00,POSTED,
INV000511,2026-06-08T09:00:00,1000,V0086,937.42,EUR,PO00294,true,0,0,MATCH,false,false,0,,2026-07-01T10:00:00,POSTED,
INV000512,2026-06-09T09:00:00,1000,V0091,494.04,EUR,PO00840,true,0,0,MATCH,false,false,0,,2026-07-01T10:00:00,POSTED,
INV000513,2026-06-10T09:00:00,1000,V0191,4862.8,EUR,PO00181,true,0,0,MATCH,false,false,0,,2026-07-01T10:00:00,POSTED,
INV000514,2026-06-11T09:00:00,1000,V0113,1280.85,EUR,PO00128,true,0,0,MATCH,false,false,0,,2026-07-01T10:00:00,POSTED,
INV000515,2026-06-12T09:00:00,1000,V0050,704.08,EUR,PO00016,true,0,0,MATCH,false,false,0,,2026-07-01T10:00:00,POSTED,
INV000516,2026-06-13T09:00:00,1000,V0072,414.12,EUR,PO00886,true,0,0,MATCH,false,false,0,,2026-07-01T10:00:00,POSTED,
INV000517,2026-06-14T09:00:00,1000,V0035,177.94,EUR,PO00223,true,0,0,MATCH,false,false,0,,2026-07-01T10:00:00,POSTED,
INV000518,2026-06-15T09:00:00,1000,V0171,788.66,EUR,PO00797,true,0,0,MATCH,false,false,0,,2026-07-01T10:00:00,POSTED,
INV000519,2026-06-16T09:00:00,1000,V0100,3129.18,EUR,PO00027,true,0,0,MATCH,false,false,0,,2026-07-01T10:00:00,POSTED,
INV000520,2026-06-17T09:00:00,1000,V0229,56.78,EUR,PO00244,true,0,0,MATCH,false,false,0,,2026-07-01T10:00:00,POSTED,
INV000521,2026-06-18T09:00:00,1000,V0201,1177.79,EUR,PO00626,true,0,0,MATCH,false,false,0,,2026-07-01T10:00:00,POSTED,
INV000522,2026-06-19T09:00:00,1000,V0200,5544.41,EUR,PO00102,true,0,0,MATCH,false,false,0,,2026-07-01T10:00:00,POSTED,
INV000523,2026-06-20T09:00:00,1000,V0196,477.44,EUR,PO00534,true,0,0,MATCH,false,false,0,,2026-07-01T10:00:00,POSTED,
INV000524,2026-06-21T09:00:00,1000,V0156,585.73,EUR,PO00792,true,0,0,MATCH,false,false,0,,2026-07-01T10:00:00,POSTED,
INV000525,2026-06-22T09:00:00,1000,V0219,1157.54,EUR,PO00030,true,0,0,MATCH,false,false,0,,2026-07-01T10:00:00,POSTED,
INV000526,2026-06-23T09:00:00,1000,V0208,556.47,EUR,PO00099,true,0,0,MATCH,false,false,0,,2026-07-01T10:00:00,POSTED,
INV000527,2026-06-24T09:00:00,1000,V0235,75.09,EUR,PO00536,true,0,0,MATCH,false,true,0,,2026-07-01T10:00:00,POSTED,
INV000528,2026-06-25T09:00:00,1000,V0231,1368.81,EUR,PO00025,true,146.19,0,PRICE,false,false,1,AP clerk,2026-07-01T10:00:00,POSTED,
INV000529,2026-06-26T09:00:00,1000,V0110,425.14,EUR,PO00501,true,822.25,0,PRICE,false,true,1,AP clerk,2026-07-01T10:00:00,POSTED,
INV000530,2026-06-27T09:00:00,1000,V0004,2871.99,EUR,PO00559,true,1888.08,0,PRICE,false,false,1,AP clerk,2026-07-01T10:00:00,POSTED,
INV000531,2026-06-28T09:00:00,1000,V0225,379.85,EUR,PO00501,true,0,0,MATCH,false,false,0,,2026-07-01T10:00:00,POSTED,
INV000532,2026-06-01T09:00:00,1000,V0087,1932.98,EUR,PO00240,true,0,0,MATCH,false,false,0,,2026-07-01T10:00:00,POSTED,
INV000533,2026-06-02T09:00:00,1000,V0161,2188.08,EUR,PO00755,true,0,0,MATCH,false,false,0,,2026-07-01T10:00:00,POSTED,
INV000534,2026-06-03T09:00:00,1000,V0217,851.39,EUR,PO00019,true,0,0,MATCH,false,false,0,,2026-07-01T10:00:00,POSTED,
INV000535,2026-06-04T09:00:00,1000,V0229,1128.91,EUR,PO00757,true,0,0,MATCH,false,false,0,,2026-07-01T10:00:00,POSTED,
INV000536,2026-06-05T09:00:00,1000,V0064,542.06,EUR,PO00163,true,0,0,MATCH,false,false,0,,2026-07-01T10:00:00,POSTED,
INV000537,2026-06-06T09:00:00,1000,V0184,3916.73,EUR,PO00872,true,0,0,MATCH,false,false,0,,2026-07-01T10:00:00,POSTED,
INV000538,2026-06-07T09:00:00,1000,V0117,162.86,EUR,PO00752,true,0,0,MATCH,false,false,0,,2026-07-01T10:00:00,POSTED,
INV000539,2026-06-08T09:00:00,1000,V0043,2573.87,EUR,PO00892,true,0,0,MATCH,false,false,0,,2026-07-01T10:00:00,POSTED,
INV000540,2026-06-09T09:00:00,1000,V0245,1155.19,EUR,PO00079,true,0,0,MATCH,false,false,0,,2026-07-01T10:00:00,POSTED,
INV000541,2026-06-10T09:00:00,1000,V0233,657.57,EUR,PO00079,true,0,0,MATCH,false,false,0,,2026-07-01T10:00:00,POSTED,
INV000542,2026-06-11T09:00:00,1000,V0028,2785.5,EUR,PO00342,true,0,0,MATCH,false,false,0,,2026-07-01T10:00:00,POSTED,
INV000543,2026-06-12T09:00:00,1000,V0235,4358.16,EUR,PO00514,true,0,0,MATCH,false,false,0,,2026-07-01T10:00:00,POSTED,
INV000544,2026-06-13T09:00:00,1000,V0215,1970.69,EUR,PO00676,true,0,0,MATCH,false,false,0,,2026-07-01T10:00:00,POSTED,
INV000545,2026-06-14T09:00:00,1000,V0167,370.34,EUR,PO00001,true,0,0,MATCH,false,false,0,,2026-07-01T10:00:00,POSTED,
INV000546,2026-06-15T09:00:00,1000,V0259,3553.11,EUR,PO00256,true,0,0,MATCH,false,false,0,,2026-07-01T10:00:00,POSTED,
INV000547,2026-06-16T09:00:00,1000,V0116,3316.76,EUR,PO00259,true,171.42,0,PRICE,false,false,1,AP clerk,2026-07-01T10:00:00,POSTED,
INV000548,2026-06-17T09:00:00,1000,V0087,508.12,EUR,PO00606,true,80.35,0,PRICE,false,false,1,AP clerk,2026-07-01T10:00:00,POSTED,
INV000549,2026-06-18T09:00:00,1000,V0140,2057.72,EUR,PO00107,true,0,0,MATCH,false,false,0,,2026-07-01T10:00:00,POSTED,
INV000550,2026-06-19T09:00:00,1000,V0040,1139.49,EUR,PO00479,true,0,0,MATCH,false,false,0,,2026-07-01T10:00:00,POSTED,
INV000551,2026-06-20T09:00:00,1000,V0161,1615.0,EUR,PO00333,true,0,0,MATCH,false,false,0,,2026-07-01T10:00:00,POSTED,
INV000552,2026-06-21T09:00:00,1000,V0114,514.11,EUR,PO00333,true,0,0,MATCH,false,false,0,,2026-07-01T10:00:00,POSTED,
INV000553,2026-06-22T09:00:00,1000,V0252,942.1,EUR,PO00864,true,0,0,MATCH,false,false,0,,2026-07-01T10:00:00,POSTED,
INV000554,2026-06-23T09:00:00,1000,V0163,502.46,EUR,PO00721,true,0,0,MATCH,false,false,0,,2026-07-01T10:00:00,POSTED,
INV000555,2026-06-24T09:00:00,1000,V0039,2396.74,EUR,PO00490,true,55.04,0,PRICE,false,false,1,AP clerk,2026-07-01T10:00:00,POSTED,
INV000556,2026-06-25T09:00:00,1000,V0137,1847.16,EUR,PO00079,true,0,0,MATCH,false,false,0,,2026-07-01T10:00:00,POSTED,
INV000557,2026-06-26T09:00:00,1000,V0074,292.13,EUR,PO00358,true,0,0,MATCH,false,false,0,,2026-07-01T10:00:00,POSTED,
INV000558,2026-06-27T09:00:00,1000,V0174,4710.93,EUR,PO00818,true,1423.27,0,PRICE,false,false,1,AP clerk,2026-07-01T10:00:00,POSTED,
INV000559,2026-06-28T09:00:00,1000,V0117,193.94,EUR,PO00880,true,0,0,MATCH,false,false,0,,2026-07-01T10:00:00,POSTED,
INV000560,2026-06-01T09:00:00,1000,V0149,479.07,EUR,PO00217,true,0,0,MATCH,false,false,0,,2026-07-01T10:00:00,POSTED,
INV000561,2026-06-02T09:00:00,1000,V0181,1631.59,EUR,PO00205,true,44.61,0,PRICE,false,false,1,AP clerk,2026-07-01T10:00:00,POSTED,
INV000562,2026-06-03T09:00:00,1000,V0267,10308.13,EUR,PO00144,true,0,0,MATCH,false,false,0,,2026-07-01T10:00:00,POSTED,
INV000563,2026-06-04T09:00:00,1000,V0176,522.83,EUR,PO00697,true,0,0,MATCH,false,false,0,,2026-07-01T10:00:00,POSTED,
INV000564,2026-06-05T09:00:00,1000,V0044,2670.05,EUR,PO00877,true,0,0,MATCH,false,false,0,,2026-07-01T10:00:00,POSTED,
INV000565,2026-06-06T09:00:00,1000,V0224,5481.02,EUR,PO00823,true,0,0,MATCH,false,false,0,,2026-07-01T10:00:00,POSTED,
INV000566,2026-06-07T09:00:00,1000,V0046,2289.99,EUR,PO00016,true,0,0,MATCH,false,false,0,,2026-07-01T10:00:00,POSTED,
INV000567,2026-06-08T09:00:00,1000,V0278,844.83,EUR,PO00593,true,0,0,MATCH,false,false,0,,2026-07-01T10:00:00,POSTED,
INV000568,2026-06-09T09:00:00,1000,V0172,802.82,EUR,PO00810,true,0,0,MATCH,false,false,0,,2026-07-01T10:00:00,POSTED,
INV000569,2026-06-10T09:00:00,1000,V0193,444.63,EUR,PO00113,true,0,0,BANK,true,false,2,AP supervisor; Treasury,2026-07-01T10:00:00,POSTED,
INV000570,2026-06-11T09:00:00,1000,V0253,6340.84,EUR,PO00842,true,426.83,0,PRICE,false,false,1,AP clerk,2026-07-01T10:00:00,POSTED,
INV000571,2026-06-12T09:00:00,1000,V0036,1274.1,EUR,PO00567,true,0,0,MATCH,false,false,0,,2026-07-01T10:00:00,POSTED,
INV000572,2026-06-13T09:00:00,1000,V0015,2817.78,EUR,PO00760,true,0,0,MATCH,false,false,0,,2026-07-01T10:00:00,POSTED,
INV000573,2026-06-14T09:00:00,1000,V0222,1284.6,EUR,PO00565,true,0,0,MATCH,false,false,0,,2026-07-01T10:00:00,POSTED,
INV000574,2026-06-15T09:00:00,1000,V0065,477.67,EUR,PO00143,true,0,0,MATCH,false,false,0,,2026-07-01T10:00:00,POSTED,
INV000575,2026-06-16T09:00:00,1000,V0048,4581.39,EUR,PO00341,true,0,0,MATCH,false,false,0,,2026-07-01T10:00:00,POSTED,
INV000576,2026-06-17T09:00:00,1000,V0126,3942.29,EUR,PO00595,true,0,0,MATCH,false,false,0,,2026-07-01T10:00:00,POSTED,
INV000577,2026-06-18T09:00:00,1000,V0097,1551.86,EUR,PO00744,true,2503.19,0,PRICE,false,false,1,AP clerk,2026-07-01T10:00:00,REJECTED,
INV000578,2026-06-19T09:00:00,1000,V0034,1939.25,EUR,PO00617,true,0,0,MATCH,false,false,0,,2026-07-01T10:00:00,POSTED,
INV000579,2026-06-20T09:00:00,1000,V0231,4080.68,EUR,PO00380,true,2771.91,0,PRICE,false,true,1,AP clerk,2026-07-01T10:00:00,POSTED,
INV000580,2026-06-21T09:00:00,1000,V0055,801.63,EUR,PO00304,true,0,0,MATCH,false,false,0,,2026-07-01T10:00:00,POSTED,
INV000581,2026-06-22T09:00:00,1000,V0071,1097.36,EUR,PO00671,true,0,0,MATCH,false,true,0,,2026-07-01T10:00:00,POSTED,
INV000582,2026-06-23T09:00:00,1000,V0243,232.36,EUR,PO00633,true,0,0,MATCH,false,false,0,,2026-07-01T10:00:00,POSTED,
INV000583,2026-06-24T09:00:00,1000,V0100,4281.3,EUR,PO00767,true,0,0,MATCH,false,false,0,,2026-07-01T10:00:00,POSTED,
INV000584,2026-06-25T09:00:00,1000,V0195,5812.98,EUR,PO00604,true,0,0,MATCH,false,false,0,,2026-07-01T10:00:00,POSTED,
INV000585,2026-06-26T09:00:00,1000,V0148,457.9,EUR,PO00431,true,0,0,MATCH,false,false,0,,2026-07-01T10:00:00,POSTED,
INV000586,2026-06-27T09:00:00,1000,V0147,923.98,EUR,PO00743,true,0,0,MATCH,false,false,0,,2026-07-01T10:00:00,POSTED,
INV000587,2026-06-28T09:00:00,1000,V0061,1519.19,EUR,PO00002,true,227.99,0,PRICE,false,true,1,AP clerk,2026-07-01T10:00:00,POSTED,
INV000588,2026-06-01T09:00:00,1000,V0210,3139.1,EUR,PO00258,true,0,0,MATCH,false,false,0,,2026-07-01T10:00:00,POSTED,
INV000589,2026-06-02T09:00:00,1000,V0192,121.48,EUR,PO00431,true,0,0,MATCH,false,false,0,,2026-07-01T10:00:00,POSTED,
INV000590,2026-06-03T09:00:00,1000,V0007,386.28,EUR,PO00820,true,0,0,MATCH,false,false,0,,2026-07-01T10:00:00,POSTED,
INV000591,2026-06-04T09:00:00,1000,V0130,297.22,EUR,PO00730,true,0,0,MATCH,false,false,0,,2026-07-01T10:00:00,POSTED,
INV000592,2026-06-05T09:00:00,1000,V0134,3081.81,EUR,PO00040,true,0,0,MATCH,false,false,0,,2026-07-01T10:00:00,POSTED,
INV000593,2026-06-06T09:00:00,1000,V0122,1920.0,EUR,PO00334,true,220.83,0,PRICE,false,false,1,AP clerk,2026-07-01T10:00:00,POSTED,
INV000594,2026-06-07T09:00:00,1000,V0159,1073.06,EUR,PO00861,true,178.33,0,PRICE,false,false,1,AP clerk,2026-07-01T10:00:00,POSTED,
INV000595,2026-06-08T09:00:00,1000,V0210,1123.71,EUR,PO00477,true,2475.46,0,PRICE,false,false,1,AP clerk,2026-07-01T10:00:00,POSTED,
INV000596,2026-06-09T09:00:00,1000,V0238,768.61,EUR,PO00876,true,0,0,MATCH,false,false,0,,2026-07-01T10:00:00,POSTED,
INV000597,2026-06-10T09:00:00,1000,V0280,1779.94,EUR,PO00762,true,0,0,MATCH,false,true,0,,2026-07-01T10:00:00,POSTED,
INV000598,2026-06-11T09:00:00,1000,V0199,375.05,EUR,PO00222,true,0,0,MATCH,false,false,0,,2026-07-01T10:00:00,POSTED,
INV000599,2026-06-12T09:00:00,1000,V0201,1251.91,EUR,PO00617,true,0,0,MATCH,false,false,0,,2026-07-01T10:00:00,POSTED,
INV000600,2026-06-13T09:00:00,1000,V0026,1636.2,EUR,PO00062,true,0,0,MATCH,false,false,0,,2026-07-01T10:00:00,POSTED,
INV000601,2026-06-14T09:00:00,1000,V0109,141.32,EUR,PO00101,true,0,0,MATCH,false,false,0,,2026-07-01T10:00:00,POSTED,
INV000602,2026-06-15T09:00:00,1000,V0261,2035.4,EUR,PO00149,true,247.72,0,PRICE,false,false,1,AP clerk,2026-07-01T10:00:00,POSTED,
INV000603,2026-06-16T09:00:00,1000,V0112,185.95,EUR,PO00692,true,218.95,0,PRICE,false,false,1,AP clerk,2026-07-01T10:00:00,POSTED,
INV000604,2026-06-17T09:00:00,1000,V0025,944.38,EUR,PO00309,true,2156.48,0,PRICE,false,false,1,AP clerk,2026-07-01T10:00:00,POSTED,
INV000605,2026-06-18T09:00:00,1000,V0066,288.0,EUR,PO00743,true,0,0,MATCH,false,false,0,,2026-07-01T10:00:00,POSTED,
INV000606,2026-06-19T09:00:00,1000,V0265,2398.17,EUR,PO00354,true,105.74,0,PRICE,false,false,1,AP clerk,2026-07-01T10:00:00,POSTED,
INV000607,2026-06-20T09:00:00,1000,V0279,122.8,EUR,,true,0,0,DUP,false,false,1,AP clerk,2026-07-01T10:00:00,DUPLICATE_CONFIRMED,
INV000608,2026-06-21T09:00:00,1000,V0146,809.63,EUR,PO00806,true,0,0,MATCH,false,false,0,,2026-07-01T10:00:00,POSTED,
INV000609,2026-06-22T09:00:00,1000,V0027,1809.05,EUR,PO00214,true,1986.51,0,PRICE,false,false,1,AP clerk,2026-07-01T10:00:00,REJECTED,
INV000610,2026-06-23T09:00:00,1000,V0095,790.11,EUR,PO00649,true,208.74,0,PRICE,false,false,1,AP clerk,2026-07-01T10:00:00,POSTED,
INV000611,2026-06-24T09:00:00,1000,V0216,2499.51,EUR,PO00095,true,0,0,MATCH,false,false,0,,2026-07-01T10:00:00,POSTED,
INV000612,2026-06-25T09:00:00,1000,V0126,718.69,EUR,PO00122,true,0,0,MATCH,false,false,0,,2026-07-01T10:00:00,POSTED,
INV000613,2026-06-26T09:00:00,1000,V0046,594.55,EUR,PO00044,true,0,0,MATCH,false,false,0,,2026-07-01T10:00:00,POSTED,
INV000614,2026-06-27T09:00:00,1000,V0204,1949.92,EUR,PO00344,true,0,0,MATCH,false,false,0,,2026-07-01T10:00:00,POSTED,
INV000615,2026-06-28T09:00:00,1000,V0191,548.94,EUR,PO00845,true,0,0,MATCH,false,false,0,,2026-07-01T10:00:00,POSTED,
INV000616,2026-06-01T09:00:00,1000,V0276,1306.03,EUR,PO00083,true,0,0,MATCH,false,true,0,,2026-07-01T10:00:00,POSTED,
INV000617,2026-06-02T09:00:00,1000,V0005,914.19,EUR,PO00600,true,139.9,0,PRICE,false,false,1,AP clerk,2026-07-01T10:00:00,POSTED,
INV000618,2026-06-03T09:00:00,1000,V0032,648.62,EUR,PO00683,true,1515.13,0,PRICE,false,false,1,AP clerk,2026-07-01T10:00:00,POSTED,
INV000619,2026-06-04T09:00:00,1000,V0079,138.95,EUR,PO00400,true,0,0,MATCH,false,false,0,,2026-07-01T10:00:00,POSTED,
INV000620,2026-06-05T09:00:00,1000,V0091,2249.6,EUR,PO00041,true,0,0,MATCH,false,false,0,,2026-07-01T10:00:00,POSTED,
INV000621,2026-06-06T09:00:00,1000,V0224,237.36,EUR,PO00226,true,0,0,MATCH,false,false,0,,2026-07-01T10:00:00,POSTED,
INV000622,2026-06-07T09:00:00,1000,V0145,1378.92,EUR,PO00165,true,0,0,MATCH,false,false,0,,2026-07-01T10:00:00,POSTED,
INV000623,2026-06-08T09:00:00,1000,V0165,2531.99,EUR,PO00484,true,0,0,MATCH,false,false,0,,2026-07-01T10:00:00,POSTED,
INV000624,2026-06-09T09:00:00,1000,V0045,1501.38,EUR,PO00858,true,204.67,0,PRICE,false,false,1,AP clerk,2026-07-01T10:00:00,POSTED,
INV000625,2026-06-10T09:00:00,1000,V0286,1814.09,EUR,PO00889,true,0,0,MATCH,false,false,0,,2026-07-01T10:00:00,POSTED,
INV000626,2026-06-11T09:00:00,1000,V0123,1892.03,EUR,PO00799,true,0,0,MATCH,false,false,0,,2026-07-01T10:00:00,POSTED,
INV000627,2026-06-12T09:00:00,1000,V0162,470.23,EUR,PO00556,true,80.19,0,PRICE,false,false,1,AP clerk,2026-07-01T10:00:00,REJECTED,
INV000628,2026-06-13T09:00:00,1000,V0109,5131.32,EUR,PO00707,true,0,0,MATCH,false,false,0,,2026-07-01T10:00:00,POSTED,
INV000629,2026-06-14T09:00:00,1000,V0271,2481.46,EUR,PO00258,true,0,0,MATCH,false,false,0,,2026-07-01T10:00:00,POSTED,
INV000630,2026-06-15T09:00:00,1000,V0209,276.46,EUR,PO00549,true,0,0,MATCH,false,false,0,,2026-07-01T10:00:00,POSTED,
INV000631,2026-06-16T09:00:00,1000,V0166,4283.16,EUR,PO00757,true,0,0,MATCH,false,false,0,,2026-07-01T10:00:00,POSTED,
INV000632,2026-06-17T09:00:00,1000,V0254,340.3,EUR,PO00803,true,0,0,MATCH,false,false,0,,2026-07-01T10:00:00,POSTED,
INV000633,2026-06-18T09:00:00,1000,V0153,1273.01,EUR,PO00275,true,0,0,MATCH,false,false,0,,2026-07-01T10:00:00,POSTED,
INV000634,2026-06-19T09:00:00,1000,V0004,678.83,EUR,PO00205,true,0,0,MATCH,false,false,0,,2026-07-01T10:00:00,POSTED,
INV000635,2026-06-20T09:00:00,1000,V0267,3914.16,EUR,PO00361,true,0,0,MATCH,false,false,0,,2026-07-01T10:00:00,POSTED,
INV000636,2026-06-21T09:00:00,1000,V0007,1816.05,EUR,PO00579,true,0,0,MATCH,false,false,0,,2026-07-01T10:00:00,POSTED,
INV000637,2026-06-22T09:00:00,1000,V0095,3431.53,EUR,PO00227,true,0,0,MATCH,false,false,0,,2026-07-01T10:00:00,POSTED,
INV000638,2026-06-23T09:00:00,1000,V0129,982.51,EUR,PO00632,true,0,0,MATCH,false,false,0,,2026-07-01T10:00:00,POSTED,
INV000639,2026-06-24T09:00:00,1000,V0157,2345.07,EUR,PO00779,true,0,0,MATCH,false,false,0,,2026-07-01T10:00:00,POSTED,
INV000640,2026-06-25T09:00:00,1000,V0134,879.49,EUR,PO00173,true,0,0,MATCH,false,false,0,,2026-07-01T10:00:00,POSTED,
INV000641,2026-06-26T09:00:00,1000,V0138,4580.29,EUR,PO00523,true,0,0,MATCH,false,false,0,,2026-07-01T10:00:00,POSTED,
INV000642,2026-06-27T09:00:00,1000,V0240,820.6,EUR,PO00335,true,10.4,0,PRICE,false,true,1,AP clerk,2026-07-01T10:00:00,POSTED,
INV000643,2026-06-28T09:00:00,1000,V0104,2578.36,EUR,PO00625,true,0,0,MATCH,false,false,0,,2026-07-01T10:00:00,POSTED,
INV000644,2026-06-01T09:00:00,1000,V0235,7473.54,EUR,PO00170,true,194.19,0,PRICE,false,false,1,AP clerk,2026-07-01T10:00:00,POSTED,
INV000645,2026-06-02T09:00:00,1000,V0126,941.25,EUR,PO00020,true,0,0,MATCH,false,false,0,,2026-07-01T10:00:00,POSTED,
INV000646,2026-06-03T09:00:00,1000,V0059,2237.0,EUR,PO00647,true,0,0,MATCH,false,false,0,,2026-07-01T10:00:00,POSTED,
INV000647,2026-06-04T09:00:00,1000,V0278,1216.95,EUR,PO00272,true,0,0,MATCH,false,false,0,,2026-07-01T10:00:00,POSTED,
INV000648,2026-06-05T09:00:00,1000,V0214,145.53,EUR,PO00630,true,0,0,MATCH,false,false,0,,2026-07-01T10:00:00,POSTED,
INV000649,2026-06-06T09:00:00,1000,V0084,156.53,EUR,PO00202,true,0,0,MATCH,false,true,0,,2026-07-01T10:00:00,POSTED,
INV000650,2026-06-07T09:00:00,1000,V0300,335.31,EUR,PO00659,true,0,0,MATCH,false,false,0,,2026-07-01T10:00:00,POSTED,
INV000651,2026-06-08T09:00:00,1000,V0008,2203.31,EUR,PO00726,true,0,0,MATCH,false,false,0,,2026-07-01T10:00:00,POSTED,
INV000652,2026-06-09T09:00:00,1000,V0236,2066.19,EUR,PO00437,true,0,0,MATCH,false,false,0,,2026-07-01T10:00:00,POSTED,
INV000653,2026-06-10T09:00:00,1000,V0075,727.24,EUR,PO00609,true,0,0,MATCH,false,false,0,,2026-07-01T10:00:00,POSTED,
INV000654,2026-06-11T09:00:00,1000,V0149,1797.37,EUR,PO00062,true,0,0,MATCH,false,false,0,,2026-07-01T10:00:00,POSTED,
INV000655,2026-06-12T09:00:00,1000,V0183,1676.13,EUR,PO00403,true,0,0,MATCH,false,false,0,,2026-07-01T10:00:00,POSTED,
INV000656,2026-06-13T09:00:00,1000,V0076,1520.13,EUR,PO00756,true,0,0,MATCH,false,false,0,,2026-07-01T10:00:00,POSTED,
INV000657,2026-06-14T09:00:00,1000,V0250,419.47,EUR,PO00376,true,0,0,MATCH,false,false,0,,2026-07-01T10:00:00,POSTED,
INV000658,2026-06-15T09:00:00,1000,V0024,439.46,EUR,PO00485,true,142.19,0,PRICE,false,false,1,AP clerk,2026-07-01T10:00:00,POSTED,
INV000659,2026-06-16T09:00:00,1000,V0099,164.82,EUR,PO00734,true,0,0,MATCH,false,false,0,,2026-07-01T10:00:00,POSTED,
INV000660,2026-06-17T09:00:00,1000,V0154,234.26,EUR,PO00324,true,0,0,MATCH,false,false,0,,2026-07-01T10:00:00,POSTED,
INV000661,2026-06-18T09:00:00,1000,V0036,1648.39,EUR,PO00047,true,0,0,MATCH,false,false,0,,2026-07-01T10:00:00,POSTED,
INV000662,2026-06-19T09:00:00,1000,V0052,1538.43,EUR,PO00363,true,0,0,MATCH,false,false,0,,2026-07-01T10:00:00,POSTED,
INV000663,2026-06-20T09:00:00,1000,V0026,6444.75,EUR,PO00554,true,0,0,MATCH,false,false,0,,2026-07-01T10:00:00,POSTED,
INV000664,2026-06-21T09:00:00,1000,V0256,178.09,EUR,PO00316,true,0,0,MATCH,false,true,0,,2026-07-01T10:00:00,POSTED,
INV000665,2026-06-22T09:00:00,1000,V0062,573.2,EUR,PO00028,true,445.48,0,PRICE,false,false,1,AP clerk,2026-07-01T10:00:00,REJECTED,
INV000666,2026-06-23T09:00:00,1000,V0198,411.36,EUR,PO00883,true,0,0,MATCH,false,false,0,,2026-07-01T10:00:00,POSTED,
INV000667,2026-06-24T09:00:00,1000,V0007,1740.4,EUR,PO00234,true,0,0,MATCH,false,false,0,,2026-07-01T10:00:00,POSTED,
INV000668,2026-06-25T09:00:00,1000,V0234,351.93,EUR,PO00255,true,0,0,MATCH,false,false,0,,2026-07-01T10:00:00,POSTED,
INV000669,2026-06-26T09:00:00,1000,V0176,164.36,EUR,PO00143,true,2752.13,0,PRICE,false,false,1,AP clerk,2026-07-01T10:00:00,POSTED,
INV000670,2026-06-27T09:00:00,1000,V0200,2906.52,EUR,PO00850,true,0,0,MATCH,false,false,0,,2026-07-01T10:00:00,POSTED,
INV000671,2026-06-28T09:00:00,1000,V0183,797.06,EUR,PO00217,true,186.51,0,PRICE,false,false,1,AP clerk,2026-07-01T10:00:00,POSTED,
INV000672,2026-06-01T09:00:00,1000,V0025,541.84,EUR,PO00035,true,0,0,MATCH,false,false,0,,2026-07-01T10:00:00,POSTED,
INV000673,2026-06-02T09:00:00,1000,V0018,783.27,EUR,PO00672,true,0,0,MATCH,false,false,0,,2026-07-01T10:00:00,POSTED,
INV000674,2026-06-03T09:00:00,1000,V0097,1646.6,EUR,PO00027,true,0,0,MATCH,false,false,0,,2026-07-01T10:00:00,POSTED,
INV000675,2026-06-04T09:00:00,1000,V0156,1749.0,EUR,PO00522,true,0,0,MATCH,false,true,0,,2026-07-01T10:00:00,POSTED,
INV000676,2026-06-05T09:00:00,1000,V0071,2511.76,EUR,PO00255,true,1961.01,0,PRICE,false,false,1,AP clerk,2026-07-01T10:00:00,POSTED,
INV000677,2026-06-06T09:00:00,1000,V0202,1763.2,EUR,PO00219,true,0,0,MATCH,false,false,0,,2026-07-01T10:00:00,POSTED,
INV000678,2026-06-07T09:00:00,1000,V0110,636.65,EUR,PO00606,true,0,0,MATCH,false,false,0,,2026-07-01T10:00:00,POSTED,
INV000679,2026-06-08T09:00:00,1000,V0003,457.33,EUR,PO00287,true,0,0,MATCH,false,false,0,,2026-07-01T10:00:00,POSTED,
INV000680,2026-06-09T09:00:00,1000,V0211,1085.98,EUR,PO00408,true,0,0,MATCH,false,false,0,,2026-07-01T10:00:00,POSTED,
INV000681,2026-06-10T09:00:00,1000,V0068,1229.13,EUR,PO00356,true,75.96,0,PRICE,false,false,1,AP clerk,2026-07-01T10:00:00,POSTED,
INV000682,2026-06-11T09:00:00,1000,V0194,215.33,EUR,PO00035,true,0,0,MATCH,false,false,0,,2026-07-01T10:00:00,POSTED,
INV000683,2026-06-12T09:00:00,1000,V0225,1082.58,EUR,PO00452,true,0,0,MATCH,false,false,0,,2026-07-01T10:00:00,POSTED,
INV000684,2026-06-13T09:00:00,1000,V0190,733.36,EUR,PO00207,true,0,0,MATCH,false,false,0,,2026-07-01T10:00:00,POSTED,
INV000685,2026-06-14T09:00:00,1000,V0208,1324.32,EUR,PO00452,true,0,0,MATCH,false,false,0,,2026-07-01T10:00:00,POSTED,
INV000686,2026-06-15T09:00:00,1000,V0056,2215.17,EUR,PO00864,true,0,0,MATCH,false,false,0,,2026-07-01T10:00:00,POSTED,
INV000687,2026-06-16T09:00:00,1000,V0030,1745.8,EUR,PO00436,true,0,0,MATCH,false,false,0,,2026-07-01T10:00:00,POSTED,
INV000688,2026-06-17T09:00:00,1000,V0115,1735.2,EUR,PO00345,true,362.61,0,PRICE,false,false,1,AP clerk,2026-07-01T10:00:00,POSTED,
INV000689,2026-06-18T09:00:00,1000,V0201,501.33,EUR,PO00794,true,0,0,MATCH,false,false,0,,2026-07-01T10:00:00,POSTED,
INV000690,2026-06-19T09:00:00,1000,V0299,3215.21,EUR,PO00669,true,0,0,MATCH,false,false,0,,2026-07-01T10:00:00,POSTED,
INV000691,2026-06-20T09:00:00,1000,V0226,2505.57,EUR,PO00301,true,0,0,MATCH,false,false,0,,2026-07-01T10:00:00,POSTED,
INV000692,2026-06-21T09:00:00,1000,V0030,403.05,EUR,PO00380,true,0,0,MATCH,false,false,0,,2026-07-01T10:00:00,POSTED,
INV000693,2026-06-22T09:00:00,1000,V0026,2757.5,EUR,PO00301,true,0,0,MATCH,false,false,0,,2026-07-01T10:00:00,POSTED,
INV000694,2026-06-23T09:00:00,1000,V0223,2399.61,EUR,PO00354,true,0,0,MATCH,false,false,0,,2026-07-01T10:00:00,POSTED,
INV000695,2026-06-24T09:00:00,1000,V0145,270.45,EUR,PO00870,true,0,0,MATCH,false,false,0,,2026-07-01T10:00:00,POSTED,
INV000696,2026-06-25T09:00:00,1000,V0038,765.94,EUR,PO00351,true,0,0,MATCH,false,false,0,,2026-07-01T10:00:00,POSTED,
INV000697,2026-06-26T09:00:00,1000,V0240,798.75,EUR,PO00777,true,0,0,MATCH,false,false,0,,2026-07-01T10:00:00,POSTED,
INV000698,2026-06-27T09:00:00,1000,V0002,993.06,EUR,PO00473,true,0,0,MATCH,false,false,0,,2026-07-01T10:00:00,POSTED,
INV000699,2026-06-28T09:00:00,1000,V0209,2597.64,EUR,PO00886,true,185.85,0,PRICE,false,false,1,AP clerk,2026-07-01T10:00:00,POSTED,
INV000700,2026-06-01T09:00:00,1000,V0123,774.72,EUR,PO00573,true,0,0,MATCH,false,false,0,,2026-07-01T10:00:00,POSTED,
INV000701,2026-06-02T09:00:00,1000,V0114,222.28,EUR,PO00316,true,0,0,MATCH,false,false,0,,2026-07-01T10:00:00,POSTED,
INV000702,2026-06-03T09:00:00,1000,V0263,544.05,EUR,PO00559,true,0,0,MATCH,false,false,0,,2026-07-01T10:00:00,POSTED,
INV000703,2026-06-04T09:00:00,1000,V0017,1341.47,EUR,PO00326,true,0,0,MATCH,false,false,0,,2026-07-01T10:00:00,POSTED,
INV000704,2026-06-05T09:00:00,1000,V0118,1571.03,EUR,PO00017,true,0,0,MATCH,false,false,0,,2026-07-01T10:00:00,POSTED,
INV000705,2026-06-06T09:00:00,1000,V0149,695.12,EUR,PO00893,true,0,0,MATCH,false,false,0,,2026-07-01T10:00:00,POSTED,
INV000706,2026-06-07T09:00:00,1000,V0094,1093.06,EUR,PO00481,true,0,0,MATCH,false,false,0,,2026-07-01T10:00:00,POSTED,
INV000707,2026-06-08T09:00:00,1000,V0051,2104.6,EUR,PO00378,true,0,0,MATCH,false,false,0,,2026-07-01T10:00:00,POSTED,
INV000708,2026-06-09T09:00:00,1000,V0280,3216.7,EUR,PO00412,true,0,0,MATCH,false,false,0,,2026-07-01T10:00:00,POSTED,
INV000709,2026-06-10T09:00:00,1000,V0297,781.15,EUR,PO00564,true,0,0,MATCH,false,false,0,,2026-07-01T10:00:00,POSTED,
INV000710,2026-06-11T09:00:00,1000,V0246,3001.89,EUR,PO00396,true,0,0,MATCH,false,false,0,,2026-07-01T10:00:00,POSTED,
INV000711,2026-06-12T09:00:00,1000,V0237,630.65,EUR,PO00343,true,0,0,BANK,true,false,2,AP supervisor; Treasury,2026-07-01T10:00:00,POSTED,
INV000712,2026-06-13T09:00:00,1000,V0270,5229.1,EUR,PO00472,true,0,0,MATCH,false,false,0,,2026-07-01T10:00:00,POSTED,
INV000713,2026-06-14T09:00:00,1000,V0199,922.59,EUR,PO00068,true,0,0,MATCH,false,false,0,,2026-07-01T10:00:00,POSTED,
INV000714,2026-06-15T09:00:00,1000,V0139,1239.22,EUR,PO00343,true,0,0,MATCH,false,false,0,,2026-07-01T10:00:00,POSTED,
INV000715,2026-06-16T09:00:00,1000,V0174,919.28,EUR,PO00167,true,0,0,MATCH,false,false,0,,2026-07-01T10:00:00,POSTED,
INV000716,2026-06-17T09:00:00,1000,V0238,1121.63,EUR,PO00154,true,0,0,MATCH,false,true,0,,2026-07-01T10:00:00,POSTED,
INV000717,2026-06-18T09:00:00,1000,V0019,1371.53,EUR,PO00198,true,0,0,MATCH,false,false,0,,2026-07-01T10:00:00,POSTED,
INV000718,2026-06-19T09:00:00,1000,V0274,3024.25,EUR,PO00124,true,189.45,0,PRICE,false,false,1,AP clerk,2026-07-01T10:00:00,POSTED,
INV000719,2026-06-20T09:00:00,1000,V0025,4913.42,EUR,PO00615,true,0,0,MATCH,false,true,0,,2026-07-01T10:00:00,POSTED,
INV000720,2026-06-21T09:00:00,1000,V0193,449.04,EUR,PO00608,true,0,0,MATCH,false,false,0,,2026-07-01T10:00:00,POSTED,
INV000721,2026-06-22T09:00:00,1000,V0048,1324.36,EUR,PO00584,true,0,0,MATCH,false,false,0,,2026-07-01T10:00:00,POSTED,
INV000722,2026-06-23T09:00:00,1000,V0128,1957.37,EUR,PO00212,true,0,0,MATCH,false,false,0,,2026-07-01T10:00:00,POSTED,
INV000723,2026-06-24T09:00:00,1000,V0248,1198.07,EUR,PO00489,true,0,0,MATCH,false,false,0,,2026-07-01T10:00:00,POSTED,
INV000724,2026-06-25T09:00:00,1000,V0025,936.66,EUR,PO00357,true,90.06,0,PRICE,false,false,1,AP clerk,2026-07-01T10:00:00,POSTED,
INV000725,2026-06-26T09:00:00,1000,V0023,835.27,EUR,PO00728,true,0,0,MATCH,false,false,0,,2026-07-01T10:00:00,POSTED,
INV000726,2026-06-27T09:00:00,1000,V0275,1696.85,EUR,PO00370,true,0,0,MATCH,false,false,0,,2026-07-01T10:00:00,POSTED,
INV000727,2026-06-28T09:00:00,1000,V0007,264.52,EUR,PO00102,true,0,0,BANK,true,false,2,AP supervisor; Treasury,2026-07-01T10:00:00,FRAUD_CONFIRMED,
INV000728,2026-06-01T09:00:00,1000,V0009,137.75,EUR,PO00726,true,0,0,MATCH,false,false,0,,2026-07-01T10:00:00,POSTED,
INV000729,2026-06-02T09:00:00,1000,V0024,490.32,EUR,PO00021,true,0,0,MATCH,false,false,0,,2026-07-01T10:00:00,POSTED,
INV000730,2026-06-03T09:00:00,1000,V0054,7969.64,EUR,PO00837,true,0,0,MATCH,false,false,0,,2026-07-01T10:00:00,POSTED,
INV000731,2026-06-04T09:00:00,1000,V0281,2966.26,EUR,PO00191,true,0,0,MATCH,false,false,0,,2026-07-01T10:00:00,POSTED,
INV000732,2026-06-05T09:00:00,1000,V0008,655.75,EUR,PO00818,true,0,0,MATCH,false,false,0,,2026-07-01T10:00:00,POSTED,
INV000733,2026-06-06T09:00:00,1000,V0181,220.21,EUR,PO00587,true,0,0,MATCH,false,false,0,,2026-07-01T10:00:00,POSTED,
INV000734,2026-06-07T09:00:00,1000,V0289,1065.85,EUR,PO00369,true,0,0,MATCH,false,true,0,,2026-07-01T10:00:00,POSTED,
INV000735,2026-06-08T09:00:00,1000,V0079,1075.93,EUR,PO00674,true,0,0,MATCH,false,false,0,,2026-07-01T10:00:00,POSTED,
INV000736,2026-06-09T09:00:00,1000,V0057,462.53,EUR,PO00370,true,0,0,MATCH,false,false,0,,2026-07-01T10:00:00,POSTED,
INV000737,2026-06-10T09:00:00,1000,V0208,1709.55,EUR,PO00051,true,0,0,MATCH,false,true,0,,2026-07-01T10:00:00,POSTED,
INV000738,2026-06-11T09:00:00,1000,V0048,1098.67,EUR,PO00769,true,0,0,MATCH,false,true,0,,2026-07-01T10:00:00,POSTED,
INV000739,2026-06-12T09:00:00,1000,V0185,959.22,EUR,PO00191,true,0,0,MATCH,false,false,0,,2026-07-01T10:00:00,POSTED,
INV000740,2026-06-13T09:00:00,1000,V0150,620.36,EUR,PO00087,true,0,0,MATCH,false,false,0,,2026-07-01T10:00:00,POSTED,
INV000741,2026-06-14T09:00:00,1000,V0203,1434.14,EUR,PO00220,true,0,0,MATCH,false,false,0,,2026-07-01T10:00:00,POSTED,
INV000742,2026-06-15T09:00:00,1000,V0179,2907.89,EUR,PO00338,true,0,0,MATCH,false,false,0,,2026-07-01T10:00:00,POSTED,
INV000743,2026-06-16T09:00:00,1000,V0042,1173.3,EUR,PO00892,true,159.36,0,PRICE,false,false,1,AP clerk,2026-07-01T10:00:00,POSTED,
INV000744,2026-06-17T09:00:00,1000,V0175,2232.98,EUR,PO00203,true,0,0,MATCH,false,false,0,,2026-07-01T10:00:00,POSTED,
INV000745,2026-06-18T09:00:00,1000,V0248,478.04,EUR,PO00896,true,0,0,MATCH,false,false,0,,2026-07-01T10:00:00,POSTED,
INV000746,2026-06-19T09:00:00,1000,V0224,744.26,EUR,PO00563,true,0,0,MATCH,false,false,0,,2026-07-01T10:00:00,POSTED,
INV000747,2026-06-20T09:00:00,1000,V0258,2379.63,EUR,PO00567,true,0,0,MATCH,false,false,0,,2026-07-01T10:00:00,POSTED,
INV000748,2026-06-21T09:00:00,1000,V0282,837.31,EUR,PO00374,true,147.04,0,PRICE,false,true,1,AP clerk,2026-07-01T10:00:00,POSTED,
INV000749,2026-06-22T09:00:00,1000,V0163,1434.2,EUR,PO00525,true,0,0,MATCH,false,false,0,,2026-07-01T10:00:00,POSTED,
INV000750,2026-06-23T09:00:00,1000,V0191,2081.07,EUR,PO00021,true,1153.07,0,PRICE,false,false,1,AP clerk,2026-07-01T10:00:00,POSTED,
INV000751,2026-06-24T09:00:00,1000,V0090,435.08,EUR,PO00257,true,0,0,MATCH,false,false,0,,2026-07-01T10:00:00,POSTED,
INV000752,2026-06-25T09:00:00,1000,V0225,1511.43,EUR,PO00818,true,0,0,MATCH,false,true,0,,2026-07-01T10:00:00,POSTED,
INV000753,2026-06-26T09:00:00,1000,V0153,416.57,EUR,PO00586,true,0,0,MATCH,false,false,0,,2026-07-01T10:00:00,POSTED,
INV000754,2026-06-27T09:00:00,1000,V0191,399.65,EUR,PO00345,true,0,0,MATCH,false,false,0,,2026-07-01T10:00:00,POSTED,
INV000755,2026-06-28T09:00:00,1000,V0156,1559.17,EUR,PO00797,true,0,0,MATCH,false,false,0,,2026-07-01T10:00:00,POSTED,
INV000756,2026-06-01T09:00:00,1000,V0240,434.2,EUR,PO00421,true,0,0,MATCH,false,false,0,,2026-07-01T10:00:00,POSTED,
INV000757,2026-06-02T09:00:00,1000,V0174,270.12,EUR,PO00651,true,0,0,MATCH,false,false,0,,2026-07-01T10:00:00,POSTED,
INV000758,2026-06-03T09:00:00,1000,V0191,470.0,EUR,PO00683,true,0,0,MATCH,false,false,0,,2026-07-01T10:00:00,POSTED,
INV000759,2026-06-04T09:00:00,1000,V0106,1411.98,EUR,PO00149,true,0,0,MATCH,false,false,0,,2026-07-01T10:00:00,POSTED,
INV000760,2026-06-05T09:00:00,1000,V0251,654.93,EUR,PO00876,true,0,0,MATCH,false,false,0,,2026-07-01T10:00:00,POSTED,
INV000761,2026-06-06T09:00:00,1000,V0040,525.13,EUR,PO00726,true,1376.53,0,PRICE,false,false,1,AP clerk,2026-07-01T10:00:00,POSTED,
INV000762,2026-06-07T09:00:00,1000,V0200,582.13,EUR,PO00292,true,0,0,MATCH,false,false,0,,2026-07-01T10:00:00,POSTED,
INV000763,2026-06-08T09:00:00,1000,V0116,1804.6,EUR,PO00126,true,0,0,MATCH,false,false,0,,2026-07-01T10:00:00,POSTED,
INV000764,2026-06-09T09:00:00,1000,V0255,10097.33,EUR,PO00767,true,1637.8,0,PRICE,false,false,1,AP clerk,2026-07-01T10:00:00,POSTED,
INV000765,2026-06-10T09:00:00,1000,V0121,1487.58,EUR,PO00626,true,0,0,MATCH,false,false,0,,2026-07-01T10:00:00,POSTED,
INV000766,2026-06-11T09:00:00,1000,V0051,582.64,EUR,PO00371,true,0,0,MATCH,false,false,0,,2026-07-01T10:00:00,POSTED,
INV000767,2026-06-12T09:00:00,1000,V0009,435.31,EUR,PO00468,true,0,0,MATCH,false,false,0,,2026-07-01T10:00:00,POSTED,
INV000768,2026-06-13T09:00:00,1000,V0190,124.64,EUR,PO00345,true,109.75,0,PRICE,false,false,1,AP clerk,2026-07-01T10:00:00,POSTED,
INV000769,2026-06-14T09:00:00,1000,V0248,1053.77,EUR,PO00815,true,0,0,MATCH,false,true,0,,2026-07-01T10:00:00,POSTED,
INV000770,2026-06-15T09:00:00,1000,V0092,406.79,EUR,PO00395,true,0,0,MATCH,false,false,0,,2026-07-01T10:00:00,POSTED,
INV000771,2026-06-16T09:00:00,1000,V0183,2126.8,EUR,PO00345,true,0,0,MATCH,false,false,0,,2026-07-01T10:00:00,POSTED,
INV000772,2026-06-17T09:00:00,1000,V0020,3044.03,EUR,PO00621,true,0,0,MATCH,false,false,0,,2026-07-01T10:00:00,POSTED,
INV000773,2026-06-18T09:00:00,1000,V0167,951.82,EUR,PO00450,true,829.55,0,PRICE,false,false,1,AP clerk,2026-07-01T10:00:00,POSTED,
INV000774,2026-06-19T09:00:00,1000,V0142,259.88,EUR,PO00624,true,0,0,MATCH,false,false,0,,2026-07-01T10:00:00,POSTED,
INV000775,2026-06-20T09:00:00,1000,V0068,370.15,EUR,PO00579,true,0,0,MATCH,false,false,0,,2026-07-01T10:00:00,POSTED,
INV000776,2026-06-21T09:00:00,1000,V0051,177.48,EUR,PO00789,true,0,0,MATCH,false,false,0,,2026-07-01T10:00:00,POSTED,
INV000777,2026-06-22T09:00:00,1000,V0170,751.64,EUR,PO00539,true,0,0,MATCH,false,false,0,,2026-07-01T10:00:00,POSTED,
INV000778,2026-06-23T09:00:00,1000,V0182,964.85,EUR,PO00016,true,0,0,MATCH,false,false,0,,2026-07-01T10:00:00,POSTED,
INV000779,2026-06-24T09:00:00,1000,V0196,3022.54,EUR,PO00885,true,0,0,MATCH,false,false,0,,2026-07-01T10:00:00,POSTED,
INV000780,2026-06-25T09:00:00,1000,V0291,2974.53,EUR,PO00899,true,0,0,MATCH,false,false,0,,2026-07-01T10:00:00,POSTED,
INV000781,2026-06-26T09:00:00,1000,V0294,658.06,EUR,PO00187,true,0,0,MATCH,false,false,0,,2026-07-01T10:00:00,POSTED,
INV000782,2026-06-27T09:00:00,1000,V0072,225.5,EUR,PO00711,true,0,0,MATCH,false,true,0,,2026-07-01T10:00:00,POSTED,
INV000783,2026-06-28T09:00:00,1000,V0098,1117.69,EUR,PO00655,true,0,0,MATCH,false,false,0,,2026-07-01T10:00:00,POSTED,
INV000784,2026-06-01T09:00:00,1000,V0107,1698.46,EUR,PO00894,true,0,0,MATCH,false,false,0,,2026-07-01T10:00:00,POSTED,
INV000785,2026-06-02T09:00:00,1000,V0002,904.01,EUR,PO00456,true,193.04,0,PRICE,false,false,1,AP clerk,2026-07-01T10:00:00,REJECTED,
INV000786,2026-06-03T09:00:00,1000,V0288,1553.79,EUR,PO00804,true,0,0,MATCH,false,false,0,,2026-07-01T10:00:00,POSTED,
INV000787,2026-06-04T09:00:00,1000,V0071,99.97,EUR,PO00831,true,0,0,MATCH,false,false,0,,2026-07-01T10:00:00,POSTED,
INV000788,2026-06-05T09:00:00,1000,V0241,2859.85,EUR,PO00519,true,36.7,0,PRICE,false,false,1,AP clerk,2026-07-01T10:00:00,REJECTED,
INV000789,2026-06-06T09:00:00,1000,V0098,1452.57,EUR,PO00336,true,0,0,MATCH,false,false,0,,2026-07-01T10:00:00,POSTED,
INV000790,2026-06-07T09:00:00,1000,V0194,821.55,EUR,PO00058,true,0,0,MATCH,false,false,0,,2026-07-01T10:00:00,POSTED,
INV000791,2026-06-08T09:00:00,1000,V0257,3552.86,EUR,PO00314,true,0,0,MATCH,false,false,0,,2026-07-01T10:00:00,POSTED,
INV000792,2026-06-09T09:00:00,1000,V0286,1895.24,EUR,PO00044,true,0,0,MATCH,false,false,0,,2026-07-01T10:00:00,POSTED,
INV000793,2026-06-10T09:00:00,1000,V0024,327.44,EUR,PO00710,true,65.45,0,PRICE,false,false,1,AP clerk,2026-07-01T10:00:00,REJECTED,
INV000794,2026-06-11T09:00:00,1000,V0095,1735.19,EUR,PO00129,true,0,0,MATCH,false,false,0,,2026-07-01T10:00:00,POSTED,
INV000795,2026-06-12T09:00:00,1000,V0183,5367.16,EUR,PO00454,true,1928.45,0,PRICE,false,true,1,AP clerk,2026-07-01T10:00:00,POSTED,
INV000796,2026-06-13T09:00:00,1000,V0264,1163.86,EUR,PO00528,true,0,0,MATCH,false,false,0,,2026-07-01T10:00:00,POSTED,
INV000797,2026-06-14T09:00:00,1000,V0024,2753.82,EUR,PO00023,true,0,0,MATCH,false,false,0,,2026-07-01T10:00:00,POSTED,
INV000798,2026-06-15T09:00:00,1000,V0154,913.5,EUR,PO00443,true,194.68,0,PRICE,false,false,1,AP clerk,2026-07-01T10:00:00,REJECTED,
INV000799,2026-06-16T09:00:00,1000,V0261,544.54,EUR,PO00361,true,0,0,MATCH,false,false,0,,2026-07-01T10:00:00,POSTED,
INV000800,2026-06-17T09:00:00,1000,V0251,1910.44,EUR,PO00814,true,217.42,0,PRICE,false,false,1,AP clerk,2026-07-01T10:00:00,POSTED,
INV000801,2026-06-18T09:00:00,1000,V0006,595.93,EUR,PO00699,true,0,0,MATCH,false,false,0,,2026-07-01T10:00:00,POSTED,
INV000802,2026-06-19T09:00:00,1000,V0267,191.32,EUR,PO00278,true,0,0,MATCH,false,false,0,,2026-07-01T10:00:00,POSTED,
INV000803,2026-06-20T09:00:00,1000,V0064,248.94,EUR,PO00652,true,0,0,MATCH,false,false,0,,2026-07-01T10:00:00,POSTED,
INV000804,2026-06-21T09:00:00,1000,V0055,693.53,EUR,PO00051,true,0,0,MATCH,false,false,0,,2026-07-01T10:00:00,POSTED,
INV000805,2026-06-22T09:00:00,1000,V0132,2346.89,EUR,PO00726,true,0,0,MATCH,false,false,0,,2026-07-01T10:00:00,POSTED,
INV000806,2026-06-23T09:00:00,1000,V0262,1443.35,EUR,,true,0,0,DUP,false,false,1,AP clerk,2026-07-01T10:00:00,DUPLICATE_CONFIRMED,
INV000807,2026-06-24T09:00:00,1000,V0204,1879.01,EUR,PO00204,true,0,0,MATCH,false,false,0,,2026-07-01T10:00:00,POSTED,
INV000808,2026-06-25T09:00:00,1000,V0160,1017.16,EUR,PO00661,true,2052.93,0,PRICE,false,false,1,AP clerk,2026-07-01T10:00:00,POSTED,
INV000809,2026-06-26T09:00:00,1000,V0291,130.66,EUR,PO00765,true,0,0,MATCH,false,false,0,,2026-07-01T10:00:00,POSTED,
INV000810,2026-06-27T09:00:00,1000,V0077,1539.53,EUR,PO00598,true,0,0,MATCH,false,false,0,,2026-07-01T10:00:00,POSTED,
INV000811,2026-06-28T09:00:00,1000,V0153,681.05,EUR,PO00523,true,12.56,0,PRICE,false,false,1,AP clerk,2026-07-01T10:00:00,POSTED,
INV000812,2026-06-01T09:00:00,1000,V0163,998.21,EUR,PO00856,true,0,0,MATCH,false,false,0,,2026-07-01T10:00:00,POSTED,
INV000813,2026-06-02T09:00:00,1000,V0059,2973.05,EUR,PO00489,true,0,0,MATCH,false,false,0,,2026-07-01T10:00:00,POSTED,
INV000814,2026-06-03T09:00:00,1000,V0276,915.85,EUR,PO00470,true,57.51,0,PRICE,false,false,1,AP clerk,2026-07-01T10:00:00,POSTED,
INV000815,2026-06-04T09:00:00,1000,V0232,1217.31,EUR,PO00704,true,0,0,MATCH,false,false,0,,2026-07-01T10:00:00,POSTED,
INV000816,2026-06-05T09:00:00,1000,V0224,1286.16,EUR,PO00241,true,0,0,MATCH,false,false,0,,2026-07-01T10:00:00,POSTED,
INV000817,2026-06-06T09:00:00,1000,V0018,999.09,EUR,PO00340,true,245.89,0,PRICE,false,false,1,AP clerk,2026-07-01T10:00:00,POSTED,
INV000818,2026-06-07T09:00:00,1000,V0195,478.99,EUR,PO00347,true,0,0,MATCH,false,false,0,,2026-07-01T10:00:00,POSTED,
INV000819,2026-06-08T09:00:00,1000,V0300,830.57,EUR,PO00669,true,225.89,0,PRICE,false,false,1,AP clerk,2026-07-01T10:00:00,POSTED,
INV000820,2026-06-09T09:00:00,1000,V0113,812.92,EUR,PO00592,true,14.26,0,PRICE,false,false,1,AP clerk,2026-07-01T10:00:00,POSTED,
INV000821,2026-06-10T09:00:00,1000,V0055,362.15,EUR,PO00210,true,5.94,0,PRICE,false,false,1,AP clerk,2026-07-01T10:00:00,REJECTED,
INV000822,2026-06-11T09:00:00,1000,V0089,308.48,EUR,PO00131,true,0,0,MATCH,false,false,0,,2026-07-01T10:00:00,POSTED,
INV000823,2026-06-12T09:00:00,1000,V0115,1060.47,EUR,PO00271,true,67.62,0,PRICE,false,false,1,AP clerk,2026-07-01T10:00:00,POSTED,
INV000824,2026-06-13T09:00:00,1000,V0263,811.79,EUR,PO00330,true,0,0,MATCH,false,false,0,,2026-07-01T10:00:00,POSTED,
INV000825,2026-06-14T09:00:00,1000,V0166,1601.58,EUR,PO00615,true,0,0,MATCH,false,false,0,,2026-07-01T10:00:00,POSTED,
INV000826,2026-06-15T09:00:00,1000,V0089,597.85,EUR,PO00226,true,241.07,0,PRICE,false,false,1,AP clerk,2026-07-01T10:00:00,POSTED,
INV000827,2026-06-16T09:00:00,1000,V0075,1592.18,EUR,PO00887,true,0,0,MATCH,false,false,0,,2026-07-01T10:00:00,POSTED,
INV000828,2026-06-17T09:00:00,1000,V0278,1758.81,EUR,PO00308,true,0,0,MATCH,false,false,0,,2026-07-01T10:00:00,POSTED,
INV000829,2026-06-18T09:00:00,1000,V0278,4248.1,EUR,PO00834,true,0,0,MATCH,false,false,0,,2026-07-01T10:00:00,POSTED,
INV000830,2026-06-19T09:00:00,1000,V0282,1355.75,EUR,PO00691,true,219.8,0,PRICE,false,false,1,AP clerk,2026-07-01T10:00:00,POSTED,
INV000831,2026-06-20T09:00:00,1000,V0009,2348.12,EUR,PO00782,true,0,0,MATCH,false,false,0,,2026-07-01T10:00:00,POSTED,
INV000832,2026-06-21T09:00:00,1000,V0016,762.16,EUR,PO00856,true,0,0,MATCH,false,false,0,,2026-07-01T10:00:00,POSTED,
INV000833,2026-06-22T09:00:00,1000,V0275,343.21,EUR,PO00635,true,0,0,MATCH,false,false,0,,2026-07-01T10:00:00,POSTED,
INV000834,2026-06-23T09:00:00,1000,V0253,1615.98,EUR,PO00095,true,0,0,MATCH,false,false,0,,2026-07-01T10:00:00,POSTED,
INV000835,2026-06-24T09:00:00,1000,V0181,720.15,EUR,PO00629,true,0,0,MATCH,false,false,0,,2026-07-01T10:00:00,POSTED,
INV000836,2026-06-25T09:00:00,1000,V0033,218.43,EUR,PO00125,true,0,0,MATCH,false,false,0,,2026-07-01T10:00:00,POSTED,
INV000837,2026-06-26T09:00:00,1000,V0297,1208.71,EUR,PO00572,true,0,0,MATCH,false,false,0,,2026-07-01T10:00:00,POSTED,
INV000838,2026-06-27T09:00:00,1000,V0169,700.53,EUR,PO00026,true,0,0,MATCH,false,false,0,,2026-07-01T10:00:00,POSTED,
INV000839,2026-06-28T09:00:00,1000,V0095,6126.79,EUR,PO00750,true,0,0,MATCH,false,false,0,,2026-07-01T10:00:00,POSTED,
INV000840,2026-06-01T09:00:00,1000,V0175,1122.08,EUR,,true,0,0,DUP,false,false,1,AP clerk,2026-07-01T10:00:00,DUPLICATE_CONFIRMED,
INV000841,2026-06-02T09:00:00,1000,V0087,282.6,EUR,PO00264,true,0,0,MATCH,false,false,0,,2026-07-01T10:00:00,POSTED,
INV000842,2026-06-03T09:00:00,1000,V0276,3226.3,EUR,PO00698,true,0,0,MATCH,false,false,0,,2026-07-01T10:00:00,POSTED,
INV000843,2026-06-04T09:00:00,1000,V0064,1510.5,EUR,PO00707,true,0,0,MATCH,false,false,0,,2026-07-01T10:00:00,POSTED,
INV000844,2026-06-05T09:00:00,1000,V0040,545.16,EUR,PO00671,true,0,0,MATCH,false,false,0,,2026-07-01T10:00:00,POSTED,
INV000845,2026-06-06T09:00:00,1000,V0200,2405.14,EUR,PO00468,true,0,0,MATCH,false,false,0,,2026-07-01T10:00:00,POSTED,
INV000846,2026-06-07T09:00:00,1000,V0010,1479.65,EUR,PO00242,true,0,0,MATCH,false,false,0,,2026-07-01T10:00:00,POSTED,
INV000847,2026-06-08T09:00:00,1000,V0252,204.31,EUR,PO00273,true,0,0,MATCH,false,false,0,,2026-07-01T10:00:00,POSTED,
INV000848,2026-06-09T09:00:00,1000,V0296,1884.63,EUR,PO00445,true,0,0,MATCH,false,false,0,,2026-07-01T10:00:00,POSTED,
INV000849,2026-06-10T09:00:00,1000,V0170,438.33,EUR,PO00699,true,46.75,0,PRICE,false,false,1,AP clerk,2026-07-01T10:00:00,POSTED,
INV000850,2026-06-11T09:00:00,1000,V0179,1472.23,EUR,PO00131,true,0,0,MATCH,false,false,0,,2026-07-01T10:00:00,POSTED,
INV000851,2026-06-12T09:00:00,1000,V0136,5252.58,EUR,PO00108,true,0,0,MATCH,false,false,0,,2026-07-01T10:00:00,POSTED,
INV000852,2026-06-13T09:00:00,1000,V0235,282.93,EUR,PO00193,true,0,0,MATCH,false,false,0,,2026-07-01T10:00:00,POSTED,
INV000853,2026-06-14T09:00:00,1000,V0041,328.38,EUR,PO00545,true,0,0,MATCH,false,false,0,,2026-07-01T10:00:00,POSTED,
INV000854,2026-06-15T09:00:00,1000,V0096,1046.08,EUR,PO00034,true,0,0,MATCH,false,false,0,,2026-07-01T10:00:00,POSTED,
INV000855,2026-06-16T09:00:00,1000,V0209,938.53,EUR,PO00884,true,0,0,MATCH,false,false,0,,2026-07-01T10:00:00,POSTED,
INV000856,2026-06-17T09:00:00,1000,V0106,1796.05,EUR,PO00013,true,0,0,MATCH,false,false,0,,2026-07-01T10:00:00,POSTED,
INV000857,2026-06-18T09:00:00,1000,V0026,440.9,EUR,PO00668,true,0,0,MATCH,false,false,0,,2026-07-01T10:00:00,POSTED,
INV000858,2026-06-19T09:00:00,1000,V0025,4316.42,EUR,PO00450,true,0,0,MATCH,false,false,0,,2026-07-01T10:00:00,POSTED,
INV000859,2026-06-20T09:00:00,1000,V0204,3550.94,EUR,PO00156,true,0,0,MATCH,false,false,0,,2026-07-01T10:00:00,POSTED,
INV000860,2026-06-21T09:00:00,1000,V0064,795.25,EUR,,true,0,0,DUP,false,false,1,AP clerk,2026-07-01T10:00:00,DUPLICATE_CONFIRMED,
INV000861,2026-06-22T09:00:00,1000,V0004,632.5,EUR,PO00236,true,0,0,MATCH,false,false,0,,2026-07-01T10:00:00,POSTED,
INV000862,2026-06-23T09:00:00,1000,V0192,3636.34,EUR,PO00829,true,0,0,MATCH,false,false,0,,2026-07-01T10:00:00,POSTED,
INV000863,2026-06-24T09:00:00,1000,V0023,1421.49,EUR,PO00676,true,0,0,MATCH,false,false,0,,2026-07-01T10:00:00,POSTED,
INV000864,2026-06-25T09:00:00,1000,V0018,2478.66,EUR,PO00732,true,206.36,0,PRICE,false,true,1,AP clerk,2026-07-01T10:00:00,POSTED,
INV000865,2026-06-26T09:00:00,1000,V0045,1568.7,EUR,PO00521,true,0,0,MATCH,false,false,0,,2026-07-01T10:00:00,POSTED,
INV000866,2026-06-27T09:00:00,1000,V0161,397.19,EUR,PO00215,true,321.33,0,PRICE,false,false,1,AP clerk,2026-07-01T10:00:00,REJECTED,
INV000867,2026-06-28T09:00:00,1000,V0184,419.16,EUR,PO00820,true,0,0,MATCH,false,false,0,,2026-07-01T10:00:00,POSTED,
INV000868,2026-06-01T09:00:00,1000,V0239,2835.93,EUR,PO00635,true,0,0,MATCH,false,false,0,,2026-07-01T10:00:00,POSTED,
INV000869,2026-06-02T09:00:00,1000,V0116,2588.37,EUR,PO00012,true,0,0,MATCH,false,false,0,,2026-07-01T10:00:00,POSTED,
INV000870,2026-06-03T09:00:00,1000,V0225,570.84,EUR,PO00194,true,0,0,MATCH,false,false,0,,2026-07-01T10:00:00,POSTED,
INV000871,2026-06-04T09:00:00,1000,V0187,633.29,EUR,PO00209,true,204.09,0,PRICE,false,false,1,AP clerk,2026-07-01T10:00:00,POSTED,
INV000872,2026-06-05T09:00:00,1000,V0101,570.86,EUR,PO00204,true,0,0,MATCH,false,false,0,,2026-07-01T10:00:00,POSTED,
INV000873,2026-06-06T09:00:00,1000,V0205,380.82,EUR,PO00318,true,0,0,MATCH,false,false,0,,2026-07-01T10:00:00,POSTED,
INV000874,2026-06-07T09:00:00,1000,V0176,771.67,EUR,PO00821,true,98.8,0,PRICE,false,false,1,AP clerk,2026-07-01T10:00:00,REJECTED,
INV000875,2026-06-08T09:00:00,1000,V0107,1760.34,EUR,PO00059,true,0,0,MATCH,false,false,0,,2026-07-01T10:00:00,POSTED,
INV000876,2026-06-09T09:00:00,1000,V0162,2041.03,EUR,PO00814,true,178.73,0,PRICE,false,false,1,AP clerk,2026-07-01T10:00:00,POSTED,
INV000877,2026-06-10T09:00:00,1000,V0164,7176.33,EUR,PO00059,true,0,0,MATCH,false,false,0,,2026-07-01T10:00:00,POSTED,
INV000878,2026-06-11T09:00:00,1000,V0269,1771.34,EUR,PO00147,true,58.95,0,PRICE,false,false,1,AP clerk,2026-07-01T10:00:00,POSTED,
INV000879,2026-06-12T09:00:00,1000,V0010,251.44,EUR,PO00838,true,0,0,MATCH,false,false,0,,2026-07-01T10:00:00,POSTED,
INV000880,2026-06-13T09:00:00,1000,V0038,3171.74,EUR,PO00239,true,0,0,MATCH,false,false,0,,2026-07-01T10:00:00,POSTED,
INV000881,2026-06-14T09:00:00,1000,V0182,280.51,EUR,PO00077,true,0,0,BANK,true,false,2,AP supervisor; Treasury,2026-07-01T10:00:00,POSTED,
INV000882,2026-06-15T09:00:00,1000,V0026,178.67,EUR,PO00441,true,0,0,MATCH,false,false,0,,2026-07-01T10:00:00,POSTED,
INV000883,2026-06-16T09:00:00,1000,V0059,852.22,EUR,PO00861,true,0,0,MATCH,false,false,0,,2026-07-01T10:00:00,POSTED,
INV000884,2026-06-17T09:00:00,1000,V0082,739.63,EUR,PO00411,true,0,0,MATCH,false,false,0,,2026-07-01T10:00:00,POSTED,
INV000885,2026-06-18T09:00:00,1000,V0058,830.17,EUR,PO00859,true,0,0,MATCH,false,false,0,,2026-07-01T10:00:00,POSTED,
INV000886,2026-06-19T09:00:00,1000,V0207,115.11,EUR,PO00170,true,0,0,MATCH,false,false,0,,2026-07-01T10:00:00,POSTED,
INV000887,2026-06-20T09:00:00,1000,V0258,4431.17,EUR,PO00151,true,0,0,MATCH,false,false,0,,2026-07-01T10:00:00,POSTED,
INV000888,2026-06-21T09:00:00,1000,V0083,1476.44,EUR,PO00563,true,140.93,0,PRICE,false,false,1,AP clerk,2026-07-01T10:00:00,POSTED,
INV000889,2026-06-22T09:00:00,1000,V0045,1907.59,EUR,PO00657,true,0,0,MATCH,false,false,0,,2026-07-01T10:00:00,POSTED,
INV000890,2026-06-23T09:00:00,1000,V0036,1671.33,EUR,PO00533,true,112.53,0,PRICE,false,false,1,AP clerk,2026-07-01T10:00:00,POSTED,
INV000891,2026-06-24T09:00:00,1000,V0247,1000.59,EUR,PO00661,true,0,0,MATCH,false,false,0,,2026-07-01T10:00:00,POSTED,
INV000892,2026-06-25T09:00:00,1000,V0141,914.99,EUR,PO00706,true,0,0,MATCH,false,false,0,,2026-07-01T10:00:00,POSTED,
INV000893,2026-06-26T09:00:00,1000,V0036,2082.39,EUR,,true,0,0,DUP,false,false,1,AP clerk,2026-07-01T10:00:00,DUPLICATE_CONFIRMED,
INV000894,2026-06-27T09:00:00,1000,V0078,4746.13,EUR,PO00504,true,0,0,MATCH,false,true,0,,2026-07-01T10:00:00,POSTED,
INV000895,2026-06-28T09:00:00,1000,V0237,1562.9,EUR,PO00065,true,0,0,MATCH,false,false,0,,2026-07-01T10:00:00,POSTED,
INV000896,2026-06-01T09:00:00,1000,V0085,303.72,EUR,PO00206,true,0,0,MATCH,false,false,0,,2026-07-01T10:00:00,POSTED,
INV000897,2026-06-02T09:00:00,1000,V0151,3007.32,EUR,PO00015,true,0,0,MATCH,false,false,0,,2026-07-01T10:00:00,POSTED,
INV000898,2026-06-03T09:00:00,1000,V0034,2106.6,EUR,PO00317,true,0,0,MATCH,false,false,0,,2026-07-01T10:00:00,POSTED,
INV000899,2026-06-04T09:00:00,1000,V0209,651.16,EUR,PO00352,true,0,0,MATCH,false,false,0,,2026-07-01T10:00:00,POSTED,
INV000900,2026-06-05T09:00:00,1000,V0146,564.06,EUR,PO00502,true,0,0,MATCH,false,false,0,,2026-07-01T10:00:00,POSTED,
INV000901,2026-06-06T09:00:00,1000,V0295,425.81,EUR,PO00450,true,0,0,MATCH,false,false,0,,2026-07-01T10:00:00,POSTED,
INV000902,2026-06-07T09:00:00,1000,V0232,1387.83,EUR,PO00738,true,0,0,MATCH,false,false,0,,2026-07-01T10:00:00,POSTED,
INV000903,2026-06-08T09:00:00,1000,V0289,790.47,EUR,PO00588,true,18.63,0,PRICE,false,false,1,AP clerk,2026-07-01T10:00:00,POSTED,
INV000904,2026-06-09T09:00:00,1000,V0198,533.57,EUR,PO00767,true,0,0,MATCH,false,false,0,,2026-07-01T10:00:00,POSTED,
INV000905,2026-06-10T09:00:00,1000,V0105,790.91,EUR,PO00189,true,0,0,MATCH,false,false,0,,2026-07-01T10:00:00,POSTED,
INV000906,2026-06-11T09:00:00,1000,V0155,1653.48,EUR,PO00082,true,0,0,MATCH,false,false,0,,2026-07-01T10:00:00,POSTED,
INV000907,2026-06-12T09:00:00,1000,V0032,915.16,EUR,PO00846,true,0,0,MATCH,false,false,0,,2026-07-01T10:00:00,POSTED,
INV000908,2026-06-13T09:00:00,1000,V0175,7563.0,EUR,PO00779,true,0,0,MATCH,false,false,0,,2026-07-01T10:00:00,POSTED,
INV000909,2026-06-14T09:00:00,1000,V0271,1093.15,EUR,PO00564,true,0,0,MATCH,false,false,0,,2026-07-01T10:00:00,POSTED,
INV000910,2026-06-15T09:00:00,1000,V0130,1742.67,EUR,,true,0,0,DUP,false,false,1,AP clerk,2026-07-01T10:00:00,DUPLICATE_CONFIRMED,
INV000911,2026-06-16T09:00:00,1000,V0232,301.51,EUR,PO00309,true,132.86,0,PRICE,false,false,1,AP clerk,2026-07-01T10:00:00,POSTED,
INV000912,2026-06-17T09:00:00,1000,V0099,914.74,EUR,PO00433,true,0,0,MATCH,false,false,0,,2026-07-01T10:00:00,POSTED,
INV000913,2026-06-18T09:00:00,1000,V0016,1584.07,EUR,PO00489,true,0,0,MATCH,false,false,0,,2026-07-01T10:00:00,POSTED,
INV000914,2026-06-19T09:00:00,1000,V0103,1917.18,EUR,PO00501,true,40.42,0,PRICE,false,false,1,AP clerk,2026-07-01T10:00:00,POSTED,
INV000915,2026-06-20T09:00:00,1000,V0096,2182.97,EUR,PO00266,true,0,0,MATCH,false,false,0,,2026-07-01T10:00:00,POSTED,
INV000916,2026-06-21T09:00:00,1000,V0097,1566.19,EUR,PO00181,true,0,0,MATCH,false,false,0,,2026-07-01T10:00:00,POSTED,
INV000917,2026-06-22T09:00:00,1000,V0291,8347.26,EUR,PO00432,true,0,0,MATCH,false,false,0,,2026-07-01T10:00:00,POSTED,
INV000918,2026-06-23T09:00:00,1000,V0047,3063.29,EUR,PO00689,true,0,0,MATCH,false,false,0,,2026-07-01T10:00:00,POSTED,
INV000919,2026-06-24T09:00:00,1000,V0038,4524.36,EUR,PO00656,true,2605.19,0,PRICE,false,false,1,AP clerk,2026-07-01T10:00:00,POSTED,
INV000920,2026-06-25T09:00:00,1000,V0199,254.56,EUR,PO00320,true,0,0,MATCH,false,false,0,,2026-07-01T10:00:00,POSTED,
INV000921,2026-06-26T09:00:00,1000,V0052,736.29,EUR,PO00882,true,0,0,MATCH,false,false,0,,2026-07-01T10:00:00,POSTED,
INV000922,2026-06-27T09:00:00,1000,V0192,851.05,EUR,PO00332,true,0,0,BANK,true,true,2,AP supervisor; Treasury,2026-07-01T10:00:00,FRAUD_CONFIRMED,
INV000923,2026-06-28T09:00:00,1000,V0157,5401.76,EUR,PO00773,true,145.79,0,PRICE,false,false,1,AP clerk,2026-07-01T10:00:00,POSTED,
INV000924,2026-06-01T09:00:00,1000,V0290,4495.44,EUR,PO00286,true,0,0,MATCH,false,false,0,,2026-07-01T10:00:00,POSTED,
INV000925,2026-06-02T09:00:00,1000,V0298,4415.02,EUR,PO00690,true,0,0,MATCH,false,false,0,,2026-07-01T10:00:00,POSTED,
INV000926,2026-06-03T09:00:00,1000,V0209,988.4,EUR,PO00388,true,0,0,MATCH,false,false,0,,2026-07-01T10:00:00,POSTED,
INV000927,2026-06-04T09:00:00,1000,V0059,4661.5,EUR,PO00532,true,0,0,MATCH,false,false,0,,2026-07-01T10:00:00,POSTED,
INV000928,2026-06-05T09:00:00,1000,V0017,4243.84,EUR,PO00888,true,0,0,MATCH,false,false,0,,2026-07-01T10:00:00,POSTED,
INV000929,2026-06-06T09:00:00,1000,V0192,219.21,EUR,PO00087,true,0,0,MATCH,false,false,0,,2026-07-01T10:00:00,POSTED,
INV000930,2026-06-07T09:00:00,1000,V0151,601.26,EUR,PO00622,true,0,0,MATCH,false,false,0,,2026-07-01T10:00:00,POSTED,
INV000931,2026-06-08T09:00:00,1000,V0126,1189.71,EUR,PO00283,true,0,0,MATCH,false,false,0,,2026-07-01T10:00:00,POSTED,
INV000932,2026-06-09T09:00:00,1000,V0279,949.17,EUR,PO00786,true,0,0,MATCH,false,false,0,,2026-07-01T10:00:00,POSTED,
INV000933,2026-06-10T09:00:00,1000,V0074,638.74,EUR,PO00509,true,0,0,MATCH,false,false,0,,2026-07-01T10:00:00,POSTED,
INV000934,2026-06-11T09:00:00,1000,V0248,1235.84,EUR,PO00256,true,0,0,MATCH,false,false,0,,2026-07-01T10:00:00,POSTED,
INV000935,2026-06-12T09:00:00,1000,V0093,4093.16,EUR,PO00078,true,130.5,0,PRICE,false,false,1,AP clerk,2026-07-01T10:00:00,POSTED,
INV000936,2026-06-13T09:00:00,1000,V0136,1428.94,EUR,PO00518,true,0,0,MATCH,false,false,0,,2026-07-01T10:00:00,POSTED,
INV000937,2026-06-14T09:00:00,1000,V0232,412.83,EUR,PO00260,true,0,0,MATCH,false,false,0,,2026-07-01T10:00:00,POSTED,
INV000938,2026-06-15T09:00:00,1000,V0295,1703.42,EUR,PO00658,true,0,0,MATCH,false,false,0,,2026-07-01T10:00:00,POSTED,
INV000939,2026-06-16T09:00:00,1000,V0131,438.21,EUR,PO00409,true,0,0,MATCH,false,false,0,,2026-07-01T10:00:00,POSTED,
INV000940,2026-06-17T09:00:00,1000,V0023,3126.47,EUR,PO00388,true,0,0,MATCH,false,false,0,,2026-07-01T10:00:00,POSTED,
INV000941,2026-06-18T09:00:00,1000,V0197,3195.1,EUR,PO00309,true,0,0,MATCH,false,true,0,,2026-07-01T10:00:00,POSTED,
INV000942,2026-06-19T09:00:00,1000,V0015,4467.53,EUR,PO00496,true,0,0,MATCH,false,false,0,,2026-07-01T10:00:00,POSTED,
INV000943,2026-06-20T09:00:00,1000,V0276,1703.84,EUR,PO00426,true,0,0,MATCH,false,false,0,,2026-07-01T10:00:00,POSTED,
INV000944,2026-06-21T09:00:00,1000,V0226,368.64,EUR,PO00084,true,0,0,MATCH,false,false,0,,2026-07-01T10:00:00,POSTED,
INV000945,2026-06-22T09:00:00,1000,V0133,844.34,EUR,PO00579,true,0,0,MATCH,false,false,0,,2026-07-01T10:00:00,POSTED,
INV000946,2026-06-23T09:00:00,1000,V0243,976.59,EUR,PO00456,true,0,0,MATCH,false,false,0,,2026-07-01T10:00:00,POSTED,
INV000947,2026-06-24T09:00:00,1000,V0272,1521.61,EUR,PO00511,true,0,0,MATCH,false,false,0,,2026-07-01T10:00:00,POSTED,
INV000948,2026-06-25T09:00:00,1000,V0155,937.31,EUR,PO00108,true,0,0,MATCH,false,false,0,,2026-07-01T10:00:00,POSTED,
INV000949,2026-06-26T09:00:00,1000,V0122,1164.93,EUR,PO00110,true,0,0,MATCH,false,false,0,,2026-07-01T10:00:00,POSTED,
INV000950,2026-06-27T09:00:00,1000,V0266,5018.75,EUR,PO00385,true,0,0,MATCH,false,false,0,,2026-07-01T10:00:00,POSTED,
INV000951,2026-06-28T09:00:00,1000,V0293,622.84,EUR,PO00337,true,85.83,0,PRICE,false,false,1,AP clerk,2026-07-01T10:00:00,REJECTED,
INV000952,2026-06-01T09:00:00,1000,V0006,1908.82,EUR,PO00351,true,0,0,MATCH,false,false,0,,2026-07-01T10:00:00,POSTED,
INV000953,2026-06-02T09:00:00,1000,V0125,1317.13,EUR,PO00302,true,199.41,0,PRICE,false,false,1,AP clerk,2026-07-01T10:00:00,POSTED,
INV000954,2026-06-03T09:00:00,1000,V0198,2440.7,EUR,PO00499,true,158.67,0,PRICE,false,false,1,AP clerk,2026-07-01T10:00:00,REJECTED,
INV000955,2026-06-04T09:00:00,1000,V0030,2222.0,EUR,PO00152,true,0,0,MATCH,false,false,0,,2026-07-01T10:00:00,POSTED,
INV000956,2026-06-05T09:00:00,1000,V0087,497.47,EUR,PO00042,true,0,0,MATCH,false,false,0,,2026-07-01T10:00:00,POSTED,
INV000957,2026-06-06T09:00:00,1000,V0101,1312.63,EUR,PO00056,true,0,0,MATCH,false,false,0,,2026-07-01T10:00:00,POSTED,
INV000958,2026-06-07T09:00:00,1000,V0112,496.0,EUR,PO00796,true,0,0,MATCH,false,false,0,,2026-07-01T10:00:00,POSTED,
INV000959,2026-06-08T09:00:00,1000,V0100,276.95,EUR,PO00529,true,0,0,MATCH,false,true,0,,2026-07-01T10:00:00,POSTED,
INV000960,2026-06-09T09:00:00,1000,V0111,307.99,EUR,PO00817,true,0,0,MATCH,false,false,0,,2026-07-01T10:00:00,POSTED,
INV000961,2026-06-10T09:00:00,1000,V0004,822.99,EUR,PO00309,true,0,0,MATCH,false,false,0,,2026-07-01T10:00:00,POSTED,
INV000962,2026-06-11T09:00:00,1000,V0145,1086.4,EUR,PO00458,true,208.65,0,PRICE,false,false,1,AP clerk,2026-07-01T10:00:00,POSTED,
INV000963,2026-06-12T09:00:00,1000,V0035,1239.99,EUR,PO00489,true,0,0,MATCH,false,true,0,,2026-07-01T10:00:00,POSTED,
INV000964,2026-06-13T09:00:00,1000,V0168,3971.09,EUR,PO00464,true,0,0,MATCH,false,false,0,,2026-07-01T10:00:00,POSTED,
INV000965,2026-06-14T09:00:00,1000,V0276,2611.41,EUR,PO00287,true,0,0,MATCH,false,false,0,,2026-07-01T10:00:00,POSTED,
INV000966,2026-06-15T09:00:00,1000,V0002,504.08,EUR,PO00471,true,0,0,MATCH,false,false,0,,2026-07-01T10:00:00,POSTED,
INV000967,2026-06-16T09:00:00,1000,V0178,5108.84,EUR,PO00182,true,0,0,MATCH,false,false,0,,2026-07-01T10:00:00,POSTED,
INV000968,2026-06-17T09:00:00,1000,V0248,837.65,EUR,PO00358,true,0,0,MATCH,false,false,0,,2026-07-01T10:00:00,POSTED,
INV000969,2026-06-18T09:00:00,1000,V0222,894.46,EUR,PO00416,true,0,0,BANK,true,false,2,AP supervisor; Treasury,2026-07-01T10:00:00,POSTED,
INV000970,2026-06-19T09:00:00,1000,V0078,776.53,EUR,PO00311,true,0,0,MATCH,false,false,0,,2026-07-01T10:00:00,POSTED,
INV000971,2026-06-20T09:00:00,1000,V0297,1560.43,EUR,PO00075,true,0,0,MATCH,false,false,0,,2026-07-01T10:00:00,POSTED,
INV000972,2026-06-21T09:00:00,1000,V0035,4475.01,EUR,PO00363,true,0,0,MATCH,false,false,0,,2026-07-01T10:00:00,POSTED,
INV000973,2026-06-22T09:00:00,1000,V0231,1417.86,EUR,PO00885,true,1083.47,0,PRICE,false,false,1,AP clerk,2026-07-01T10:00:00,POSTED,
INV000974,2026-06-23T09:00:00,1000,V0030,1552.64,EUR,,true,0,0,DUP,false,true,1,AP clerk,2026-07-01T10:00:00,DUPLICATE_CONFIRMED,
INV000975,2026-06-24T09:00:00,1000,V0021,1140.44,EUR,PO00585,true,0,0,MATCH,false,false,0,,2026-07-01T10:00:00,POSTED,
INV000976,2026-06-25T09:00:00,1000,V0015,426.0,EUR,PO00529,true,0,0,MATCH,false,false,0,,2026-07-01T10:00:00,POSTED,
INV000977,2026-06-26T09:00:00,1000,V0142,1360.05,EUR,PO00289,true,0,0,MATCH,false,false,0,,2026-07-01T10:00:00,POSTED,
INV000978,2026-06-27T09:00:00,1000,V0072,4868.4,EUR,PO00851,true,1259.27,0,PRICE,false,false,1,AP clerk,2026-07-01T10:00:00,POSTED,
INV000979,2026-06-28T09:00:00,1000,V0136,200.9,EUR,PO00732,true,0,0,MATCH,false,false,0,,2026-07-01T10:00:00,POSTED,
INV000980,2026-06-01T09:00:00,1000,V0160,13471.06,EUR,PO00651,true,0,0,MATCH,false,false,0,,2026-07-01T10:00:00,POSTED,
INV000981,2026-06-02T09:00:00,1000,V0223,367.22,EUR,PO00162,true,0,0,MATCH,false,false,0,,2026-07-01T10:00:00,POSTED,
INV000982,2026-06-03T09:00:00,1000,V0180,2573.13,EUR,PO00187,true,0,0,MATCH,false,false,0,,2026-07-01T10:00:00,POSTED,
INV000983,2026-06-04T09:00:00,1000,V0227,2510.24,EUR,PO00289,true,61.32,0,PRICE,false,false,1,AP clerk,2026-07-01T10:00:00,POSTED,
INV000984,2026-06-05T09:00:00,1000,V0103,4847.68,EUR,PO00117,true,0,0,MATCH,false,false,0,,2026-07-01T10:00:00,POSTED,
INV000985,2026-06-06T09:00:00,1000,V0142,4523.88,EUR,PO00495,true,227.68,0,PRICE,false,false,1,AP clerk,2026-07-01T10:00:00,REJECTED,
INV000986,2026-06-07T09:00:00,1000,V0276,1190.7,EUR,PO00350,true,0,0,MATCH,false,false,0,,2026-07-01T10:00:00,POSTED,
INV000987,2026-06-08T09:00:00,1000,V0159,202.95,EUR,PO00051,true,0,0,MATCH,false,false,0,,2026-07-01T10:00:00,POSTED,
INV000988,2026-06-09T09:00:00,1000,V0300,1031.94,EUR,PO00214,true,0,0,MATCH,false,false,0,,2026-07-01T10:00:00,POSTED,
INV000989,2026-06-10T09:00:00,1000,V0281,314.79,EUR,PO00129,true,0,0,MATCH,false,true,0,,2026-07-01T10:00:00,POSTED,
INV000990,2026-06-11T09:00:00,1000,V0039,650.47,EUR,PO00412,true,0,0,MATCH,false,false,0,,2026-07-01T10:00:00,POSTED,
INV000991,2026-06-12T09:00:00,1000,V0161,934.34,EUR,PO00683,true,0,0,MATCH,false,true,0,,2026-07-01T10:00:00,POSTED,
INV000992,2026-06-13T09:00:00,1000,V0047,994.88,EUR,PO00541,true,0,0,MATCH,false,true,0,,2026-07-01T10:00:00,POSTED,
INV000993,2026-06-14T09:00:00,1000,V0147,1071.22,EUR,PO00881,true,1597.04,0,PRICE,false,false,1,AP clerk,2026-07-01T10:00:00,POSTED,
INV000994,2026-06-15T09:00:00,1000,V0126,769.06,EUR,PO00439,true,0,0,MATCH,false,false,0,,2026-07-01T10:00:00,POSTED,
INV000995,2026-06-16T09:00:00,1000,V0015,2416.67,EUR,PO00132,true,42.55,0,PRICE,false,false,1,AP clerk,2026-07-01T10:00:00,POSTED,
INV000996,2026-06-17T09:00:00,1000,V0171,2159.2,EUR,PO00794,true,0,0,MATCH,false,false,0,,2026-07-01T10:00:00,POSTED,
INV000997,2026-06-18T09:00:00,1000,V0100,1035.95,EUR,PO00421,true,196.8,0,PRICE,false,true,1,AP clerk,2026-07-01T10:00:00,REJECTED,
INV000998,2026-06-19T09:00:00,1000,V0212,642.74,EUR,PO00585,true,0,0,MATCH,false,false,0,,2026-07-01T10:00:00,POSTED,
INV000999,2026-06-20T09:00:00,1000,V0240,517.27,EUR,PO00243,true,0,0,MATCH,false,false,0,,2026-07-01T10:00:00,POSTED,
INV001000,2026-06-21T09:00:00,1000,V0037,272.91,EUR,PO00383,true,0,0,MATCH,false,false,0,,2026-07-01T10:00:00,POSTED,
INV001001,2026-06-22T09:00:00,1000,V0294,412.56,EUR,PO00786,true,0,0,MATCH,false,false,0,,2026-07-01T10:00:00,POSTED,
INV001002,2026-06-23T09:00:00,1000,V0279,126.87,EUR,PO00225,true,0,0,MATCH,false,false,0,,2026-07-01T10:00:00,POSTED,
INV001003,2026-06-24T09:00:00,1000,V0228,504.5,EUR,PO00077,true,69.71,0,PRICE,false,false,1,AP clerk,2026-07-01T10:00:00,REJECTED,
INV001004,2026-06-25T09:00:00,1000,V0039,555.57,EUR,PO00146,true,0,0,MATCH,false,false,0,,2026-07-01T10:00:00,POSTED,
INV001005,2026-06-26T09:00:00,1000,V0187,1549.06,EUR,PO00610,true,240.01,0,PRICE,false,true,1,AP clerk,2026-07-01T10:00:00,POSTED,
INV001006,2026-06-27T09:00:00,1000,V0232,3526.66,EUR,PO00476,true,200.29,0,PRICE,false,false,1,AP clerk,2026-07-01T10:00:00,REJECTED,
INV001007,2026-06-28T09:00:00,1000,V0058,1358.58,EUR,PO00066,true,2243.4,0,PRICE,false,true,1,AP clerk,2026-07-01T10:00:00,POSTED,
INV001008,2026-06-01T09:00:00,1000,V0192,389.95,EUR,PO00240,true,0,0,MATCH,false,false,0,,2026-07-01T10:00:00,POSTED,
INV001009,2026-06-02T09:00:00,1000,V0127,887.97,EUR,PO00026,true,94.52,0,PRICE,false,false,1,AP clerk,2026-07-01T10:00:00,POSTED,
INV001010,2026-06-03T09:00:00,1000,V0093,1368.74,EUR,PO00144,true,0,0,MATCH,false,false,0,,2026-07-01T10:00:00,POSTED,
INV001011,2026-06-04T09:00:00,1000,V0224,1532.89,EUR,PO00412,true,0,0,MATCH,false,false,0,,2026-07-01T10:00:00,POSTED,
INV001012,2026-06-05T09:00:00,1000,V0300,1294.77,EUR,PO00292,true,0,0,MATCH,false,false,0,,2026-07-01T10:00:00,POSTED,
INV001013,2026-06-06T09:00:00,1000,V0206,1255.65,EUR,PO00837,true,0,0,MATCH,false,false,0,,2026-07-01T10:00:00,POSTED,
INV001014,2026-06-07T09:00:00,1000,V0055,1038.99,EUR,PO00686,true,0,0,MATCH,false,false,0,,2026-07-01T10:00:00,POSTED,
INV001015,2026-06-08T09:00:00,1000,V0009,1981.41,EUR,PO00898,true,0,0,MATCH,false,false,0,,2026-07-01T10:00:00,POSTED,
INV001016,2026-06-09T09:00:00,1000,V0252,659.97,EUR,PO00166,true,0,0,MATCH,false,true,0,,2026-07-01T10:00:00,POSTED,
INV001017,2026-06-10T09:00:00,1000,V0174,613.96,EUR,PO00296,true,0,0,MATCH,false,false,0,,2026-07-01T10:00:00,POSTED,
INV001018,2026-06-11T09:00:00,1000,V0167,277.93,EUR,PO00781,true,141.73,0,PRICE,false,false,1,AP clerk,2026-07-01T10:00:00,POSTED,
INV001019,2026-06-12T09:00:00,1000,V0105,2910.11,EUR,PO00434,true,0,0,MATCH,false,false,0,,2026-07-01T10:00:00,POSTED,
INV001020,2026-06-13T09:00:00,1000,V0008,1235.77,EUR,PO00174,true,0,0,MATCH,false,false,0,,2026-07-01T10:00:00,POSTED,
INV001021,2026-06-14T09:00:00,1000,V0079,1751.92,EUR,PO00431,true,0,0,MATCH,false,false,0,,2026-07-01T10:00:00,POSTED,
INV001022,2026-06-15T09:00:00,1000,V0289,113.35,EUR,PO00555,true,0,0,MATCH,false,false,0,,2026-07-01T10:00:00,POSTED,
INV001023,2026-06-16T09:00:00,1000,V0157,322.24,EUR,PO00506,true,0,0,MATCH,false,false,0,,2026-07-01T10:00:00,POSTED,
INV001024,2026-06-17T09:00:00,1000,V0008,1104.28,EUR,PO00090,true,1011.33,0,PRICE,false,false,1,AP clerk,2026-07-01T10:00:00,POSTED,
INV001025,2026-06-18T09:00:00,1000,V0119,1024.24,EUR,PO00732,true,0,0,MATCH,false,false,0,,2026-07-01T10:00:00,POSTED,
INV001026,2026-06-19T09:00:00,1000,V0234,176.72,EUR,PO00778,true,113.53,0,PRICE,false,false,1,AP clerk,2026-07-01T10:00:00,POSTED,
INV001027,2026-06-20T09:00:00,1000,V0258,718.98,EUR,PO00669,true,54.0,0,PRICE,false,false,1,AP clerk,2026-07-01T10:00:00,POSTED,
INV001028,2026-06-21T09:00:00,1000,V0174,3133.18,EUR,PO00302,true,0,0,MATCH,false,false,0,,2026-07-01T10:00:00,POSTED,
INV001029,2026-06-22T09:00:00,1000,V0151,2169.65,EUR,PO00399,true,0,0,MATCH,false,false,0,,2026-07-01T10:00:00,POSTED,
INV001030,2026-06-23T09:00:00,1000,V0209,695.64,EUR,PO00843,true,0,0,MATCH,false,false,0,,2026-07-01T10:00:00,POSTED,
INV001031,2026-06-24T09:00:00,1000,V0221,4335.9,EUR,PO00460,true,0,0,MATCH,false,false,0,,2026-07-01T10:00:00,POSTED,
INV001032,2026-06-25T09:00:00,1000,V0114,1543.84,EUR,PO00345,true,1960.13,0,PRICE,false,false,1,AP clerk,2026-07-01T10:00:00,POSTED,
INV001033,2026-06-26T09:00:00,1000,V0007,498.05,EUR,PO00655,true,0,0,MATCH,false,false,0,,2026-07-01T10:00:00,POSTED,
INV001034,2026-06-27T09:00:00,1000,V0203,2100.56,EUR,PO00837,true,0,0,MATCH,false,false,0,,2026-07-01T10:00:00,POSTED,
INV001035,2026-06-28T09:00:00,1000,V0087,425.44,EUR,PO00368,true,0,0,MATCH,false,true,0,,2026-07-01T10:00:00,POSTED,
INV001036,2026-06-01T09:00:00,1000,V0029,585.37,EUR,PO00507,true,1792.44,0,PRICE,false,false,1,AP clerk,2026-07-01T10:00:00,POSTED,
INV001037,2026-06-02T09:00:00,1000,V0130,9901.19,EUR,PO00880,true,0,0,BANK,true,false,2,AP supervisor; Treasury,2026-07-01T10:00:00,POSTED,
INV001038,2026-06-03T09:00:00,1000,V0048,1353.68,EUR,PO00099,true,0,0,MATCH,false,false,0,,2026-07-01T10:00:00,POSTED,
INV001039,2026-06-04T09:00:00,1000,V0239,1240.74,EUR,PO00183,true,0,0,MATCH,false,false,0,,2026-07-01T10:00:00,POSTED,
INV001040,2026-06-05T09:00:00,1000,V0165,496.93,EUR,PO00718,true,0,0,MATCH,false,false,0,,2026-07-01T10:00:00,POSTED,
INV001041,2026-06-06T09:00:00,1000,V0225,969.54,EUR,PO00494,true,0,0,MATCH,false,false,0,,2026-07-01T10:00:00,POSTED,
INV001042,2026-06-07T09:00:00,1000,V0050,1118.04,EUR,PO00319,true,131.8,0,PRICE,false,false,1,AP clerk,2026-07-01T10:00:00,REJECTED,
INV001043,2026-06-08T09:00:00,1000,V0273,1646.28,EUR,PO00311,true,0,0,MATCH,false,false,0,,2026-07-01T10:00:00,POSTED,
INV001044,2026-06-09T09:00:00,1000,V0205,3083.64,EUR,PO00087,true,0,0,MATCH,false,false,0,,2026-07-01T10:00:00,POSTED,
INV001045,2026-06-10T09:00:00,1000,V0028,7411.62,EUR,PO00891,true,29.95,0,PRICE,false,false,1,AP clerk,2026-07-01T10:00:00,POSTED,
INV001046,2026-06-11T09:00:00,1000,V0232,1011.44,EUR,PO00029,true,114.76,0,PRICE,false,false,1,AP clerk,2026-07-01T10:00:00,POSTED,
INV001047,2026-06-12T09:00:00,1000,V0228,2575.63,EUR,PO00637,true,0,0,MATCH,false,false,0,,2026-07-01T10:00:00,POSTED,
INV001048,2026-06-13T09:00:00,1000,V0148,4286.33,EUR,PO00365,true,0,0,MATCH,false,false,0,,2026-07-01T10:00:00,POSTED,
INV001049,2026-06-14T09:00:00,1000,V0229,686.66,EUR,PO00824,true,0,0,MATCH,false,false,0,,2026-07-01T10:00:00,POSTED,
INV001050,2026-06-15T09:00:00,1000,V0001,510.85,EUR,PO00289,true,0,0,MATCH,false,false,0,,2026-07-01T10:00:00,POSTED,
INV001051,2026-06-16T09:00:00,1000,V0265,3706.92,EUR,PO00775,true,0,0,MATCH,false,false,0,,2026-07-01T10:00:00,POSTED,
INV001052,2026-06-17T09:00:00,1000,V0249,526.15,EUR,PO00572,true,0,0,MATCH,false,false,0,,2026-07-01T10:00:00,POSTED,
INV001053,2026-06-18T09:00:00,1000,V0178,2387.12,EUR,PO00499,true,0,0,MATCH,false,false,0,,2026-07-01T10:00:00,POSTED,
INV001054,2026-06-19T09:00:00,1000,V0154,6809.59,EUR,PO00445,true,126.79,0,PRICE,false,false,1,AP clerk,2026-07-01T10:00:00,POSTED,
INV001055,2026-06-20T09:00:00,1000,V0243,16450.89,EUR,PO00157,true,0,0,MATCH,false,false,0,,2026-07-01T10:00:00,POSTED,
INV001056,2026-06-21T09:00:00,1000,V0088,578.8,EUR,PO00088,true,0,0,MATCH,false,false,0,,2026-07-01T10:00:00,POSTED,
INV001057,2026-06-22T09:00:00,1000,V0029,339.38,EUR,PO00252,true,0,0,MATCH,false,false,0,,2026-07-01T10:00:00,POSTED,
INV001058,2026-06-23T09:00:00,1000,V0031,3352.73,EUR,PO00890,true,0,0,MATCH,false,false,0,,2026-07-01T10:00:00,POSTED,
INV001059,2026-06-24T09:00:00,1000,V0153,781.66,EUR,PO00426,true,149.39,0,PRICE,false,false,1,AP clerk,2026-07-01T10:00:00,REJECTED,
INV001060,2026-06-25T09:00:00,1000,V0120,384.21,EUR,PO00596,true,0,0,MATCH,false,false,0,,2026-07-01T10:00:00,POSTED,
INV001061,2026-06-26T09:00:00,1000,V0052,14916.01,EUR,PO00769,true,0,0,MATCH,false,false,0,,2026-07-01T10:00:00,POSTED,
INV001062,2026-06-27T09:00:00,1000,V0072,11539.13,EUR,PO00860,true,0,0,MATCH,false,false,0,,2026-07-01T10:00:00,POSTED,
INV001063,2026-06-28T09:00:00,1000,V0073,1180.81,EUR,PO00842,true,0,0,MATCH,false,false,0,,2026-07-01T10:00:00,POSTED,
INV001064,2026-06-01T09:00:00,1000,V0209,1790.55,EUR,PO00573,true,0,0,MATCH,false,false,0,,2026-07-01T10:00:00,POSTED,
INV001065,2026-06-02T09:00:00,1000,V0242,576.42,EUR,PO00535,true,0,0,MATCH,false,false,0,,2026-07-01T10:00:00,POSTED,
INV001066,2026-06-03T09:00:00,1000,V0212,383.89,EUR,PO00778,true,0,0,BANK,true,false,2,AP supervisor; Treasury,2026-07-01T10:00:00,FRAUD_CONFIRMED,
INV001067,2026-06-04T09:00:00,1000,V0121,95.58,EUR,PO00442,true,11.33,0,PRICE,false,false,1,AP clerk,2026-07-01T10:00:00,POSTED,
INV001068,2026-06-05T09:00:00,1000,V0259,1281.85,EUR,PO00719,true,0,0,MATCH,false,false,0,,2026-07-01T10:00:00,POSTED,
INV001069,2026-06-06T09:00:00,1000,V0179,1155.63,EUR,PO00633,true,0,0,MATCH,false,false,0,,2026-07-01T10:00:00,POSTED,
INV001070,2026-06-07T09:00:00,1000,V0125,737.88,EUR,PO00667,true,0,0,MATCH,false,false,0,,2026-07-01T10:00:00,POSTED,
INV001071,2026-06-08T09:00:00,1000,V0273,1404.28,EUR,PO00436,true,0,0,MATCH,false,true,0,,2026-07-01T10:00:00,POSTED,
INV001072,2026-06-09T09:00:00,1000,V0051,295.22,EUR,PO00348,true,0,0,MATCH,false,false,0,,2026-07-01T10:00:00,POSTED,
INV001073,2026-06-10T09:00:00,1000,V0186,1378.57,EUR,PO00534,true,0,0,MATCH,false,false,0,,2026-07-01T10:00:00,POSTED,
INV001074,2026-06-11T09:00:00,1000,V0266,1567.9,EUR,,true,0,0,DUP,false,false,1,AP clerk,2026-07-01T10:00:00,DUPLICATE_CONFIRMED,
INV001075,2026-06-12T09:00:00,1000,V0094,1647.34,EUR,PO00692,true,0,0,MATCH,false,false,0,,2026-07-01T10:00:00,POSTED,
INV001076,2026-06-13T09:00:00,1000,V0087,351.67,EUR,PO00792,true,0,0,MATCH,false,false,0,,2026-07-01T10:00:00,POSTED,
INV001077,2026-06-14T09:00:00,1000,V0111,1466.38,EUR,PO00384,true,0,0,MATCH,false,false,0,,2026-07-01T10:00:00,POSTED,
INV001078,2026-06-15T09:00:00,1000,V0110,736.71,EUR,PO00720,true,0,0,MATCH,false,false,0,,2026-07-01T10:00:00,POSTED,
INV001079,2026-06-16T09:00:00,1000,V0208,918.29,EUR,PO00534,true,0,0,MATCH,false,false,0,,2026-07-01T10:00:00,POSTED,
INV001080,2026-06-17T09:00:00,1000,V0279,330.03,EUR,PO00878,true,0,0,MATCH,false,false,0,,2026-07-01T10:00:00,POSTED,
INV001081,2026-06-18T09:00:00,1000,V0085,998.94,EUR,PO00426,true,0,0,MATCH,false,false,0,,2026-07-01T10:00:00,POSTED,
INV001082,2026-06-19T09:00:00,1000,V0145,1079.72,EUR,PO00849,true,0,0,MATCH,false,false,0,,2026-07-01T10:00:00,POSTED,
INV001083,2026-06-20T09:00:00,1000,V0124,254.22,EUR,PO00596,true,2732.49,0,PRICE,false,false,1,AP clerk,2026-07-01T10:00:00,POSTED,
INV001084,2026-06-21T09:00:00,1000,V0229,5162.04,EUR,PO00504,true,0,0,MATCH,false,false,0,,2026-07-01T10:00:00,POSTED,
INV001085,2026-06-22T09:00:00,1000,V0273,204.25,EUR,PO00536,true,1606.8,0,PRICE,false,false,1,AP clerk,2026-07-01T10:00:00,POSTED,
INV001086,2026-06-23T09:00:00,1000,V0009,650.33,EUR,PO00830,true,2337.75,0,PRICE,false,false,1,AP clerk,2026-07-01T10:00:00,POSTED,
INV001087,2026-06-24T09:00:00,1000,V0188,761.03,EUR,PO00645,true,25.54,0,PRICE,false,false,1,AP clerk,2026-07-01T10:00:00,REJECTED,
INV001088,2026-06-25T09:00:00,1000,V0269,530.02,EUR,PO00539,true,0,0,MATCH,false,false,0,,2026-07-01T10:00:00,POSTED,
INV001089,2026-06-26T09:00:00,1000,V0110,9556.74,EUR,PO00311,true,0,0,MATCH,false,false,0,,2026-07-01T10:00:00,POSTED,
INV001090,2026-06-27T09:00:00,1000,V0148,908.83,EUR,PO00316,true,0,0,MATCH,false,false,0,,2026-07-01T10:00:00,POSTED,
INV001091,2026-06-28T09:00:00,1000,V0021,1120.43,EUR,PO00863,true,0,0,MATCH,false,false,0,,2026-07-01T10:00:00,POSTED,
INV001092,2026-06-01T09:00:00,1000,V0014,552.58,EUR,PO00680,true,0,0,MATCH,false,false,0,,2026-07-01T10:00:00,POSTED,
INV001093,2026-06-02T09:00:00,1000,V0123,331.89,EUR,PO00716,true,1338.38,0,PRICE,false,false,1,AP clerk,2026-07-01T10:00:00,REJECTED,
INV001094,2026-06-03T09:00:00,1000,V0087,3414.59,EUR,PO00113,true,0,0,MATCH,false,false,0,,2026-07-01T10:00:00,POSTED,
INV001095,2026-06-04T09:00:00,1000,V0272,366.93,EUR,PO00775,true,0,0,MATCH,false,false,0,,2026-07-01T10:00:00,POSTED,
INV001096,2026-06-05T09:00:00,1000,V0164,2655.73,EUR,PO00264,true,0,0,MATCH,false,false,0,,2026-07-01T10:00:00,POSTED,
INV001097,2026-06-06T09:00:00,1000,V0132,2670.37,EUR,PO00535,true,0,0,MATCH,false,false,0,,2026-07-01T10:00:00,POSTED,
INV001098,2026-06-07T09:00:00,1000,V0102,442.26,EUR,PO00602,true,0,0,MATCH,false,false,0,,2026-07-01T10:00:00,POSTED,
INV001099,2026-06-08T09:00:00,1000,V0291,1186.63,EUR,PO00364,true,0,0,MATCH,false,false,0,,2026-07-01T10:00:00,POSTED,
INV001100,2026-06-09T09:00:00,1000,V0266,1470.97,EUR,PO00232,true,0,0,MATCH,false,false,0,,2026-07-01T10:00:00,POSTED,
INV001101,2026-06-10T09:00:00,1000,V0172,4704.17,EUR,PO00547,true,0,0,MATCH,false,false,0,,2026-07-01T10:00:00,POSTED,
INV001102,2026-06-11T09:00:00,1000,V0164,842.01,EUR,PO00263,true,0,0,MATCH,false,false,0,,2026-07-01T10:00:00,POSTED,
INV001103,2026-06-12T09:00:00,1000,V0038,434.53,EUR,PO00046,true,0,0,MATCH,false,false,0,,2026-07-01T10:00:00,POSTED,
INV001104,2026-06-13T09:00:00,1000,V0018,1253.57,EUR,PO00210,true,0,0,MATCH,false,false,0,,2026-07-01T10:00:00,POSTED,
INV001105,2026-06-14T09:00:00,1000,V0271,199.42,EUR,PO00138,true,0,0,MATCH,false,false,0,,2026-07-01T10:00:00,POSTED,
INV001106,2026-06-15T09:00:00,1000,V0279,538.18,EUR,PO00284,true,0,0,MATCH,false,false,0,,2026-07-01T10:00:00,POSTED,
INV001107,2026-06-16T09:00:00,1000,V0217,4291.72,EUR,PO00013,true,0,0,MATCH,false,false,0,,2026-07-01T10:00:00,POSTED,
INV001108,2026-06-17T09:00:00,1000,V0205,683.07,EUR,PO00203,true,0,0,MATCH,false,false,0,,2026-07-01T10:00:00,POSTED,
INV001109,2026-06-18T09:00:00,1000,V0201,5254.45,EUR,PO00757,true,0,0,MATCH,false,false,0,,2026-07-01T10:00:00,POSTED,
INV001110,2026-06-19T09:00:00,1000,V0129,1115.9,EUR,PO00220,true,592.39,0,PRICE,false,false,1,AP clerk,2026-07-01T10:00:00,POSTED,
INV001111,2026-06-20T09:00:00,1000,V0122,1826.51,EUR,PO00159,true,0,0,MATCH,false,false,0,,2026-07-01T10:00:00,POSTED,
INV001112,2026-06-21T09:00:00,1000,V0187,246.1,EUR,PO00566,true,0,0,MATCH,false,false,0,,2026-07-01T10:00:00,POSTED,
INV001113,2026-06-22T09:00:00,1000,V0261,4916.13,EUR,PO00063,true,0,0,MATCH,false,false,0,,2026-07-01T10:00:00,POSTED,
INV001114,2026-06-23T09:00:00,1000,V0030,2731.35,EUR,PO00004,true,0,0,MATCH,false,false,0,,2026-07-01T10:00:00,POSTED,
INV001115,2026-06-24T09:00:00,1000,V0243,5200.26,EUR,PO00155,true,0,0,MATCH,false,false,0,,2026-07-01T10:00:00,POSTED,
INV001116,2026-06-25T09:00:00,1000,V0107,1583.94,EUR,PO00447,true,0,0,MATCH,false,false,0,,2026-07-01T10:00:00,POSTED,
INV001117,2026-06-26T09:00:00,1000,V0237,1018.94,EUR,PO00698,true,0,0,BANK,true,false,2,AP supervisor; Treasury,2026-07-01T10:00:00,POSTED,
INV001118,2026-06-27T09:00:00,1000,V0138,208.23,EUR,PO00468,true,0,0,MATCH,false,false,0,,2026-07-01T10:00:00,POSTED,
INV001119,2026-06-28T09:00:00,1000,V0166,3506.1,EUR,PO00052,true,0,0,MATCH,false,false,0,,2026-07-01T10:00:00,POSTED,
INV001120,2026-06-01T09:00:00,1000,V0221,555.3,EUR,PO00607,true,0,0,MATCH,false,false,0,,2026-07-01T10:00:00,POSTED,
INV001121,2026-06-02T09:00:00,1000,V0075,244.47,EUR,PO00477,true,2324.25,0,PRICE,false,false,1,AP clerk,2026-07-01T10:00:00,POSTED,
INV001122,2026-06-03T09:00:00,1000,V0068,3801.1,EUR,PO00141,true,2941.48,0,PRICE,false,false,1,AP clerk,2026-07-01T10:00:00,POSTED,
INV001123,2026-06-04T09:00:00,1000,V0210,676.66,EUR,PO00367,true,0,0,MATCH,false,false,0,,2026-07-01T10:00:00,POSTED,
INV001124,2026-06-05T09:00:00,1000,V0040,676.07,EUR,PO00577,true,203.04,0,PRICE,false,false,1,AP clerk,2026-07-01T10:00:00,REJECTED,
INV001125,2026-06-06T09:00:00,1000,V0241,364.72,EUR,PO00142,true,142.37,0,PRICE,false,false,1,AP clerk,2026-07-01T10:00:00,POSTED,
INV001126,2026-06-07T09:00:00,1000,V0161,3270.24,EUR,PO00306,true,144.72,0,PRICE,false,false,1,AP clerk,2026-07-01T10:00:00,POSTED,
INV001127,2026-06-08T09:00:00,1000,V0174,517.7,EUR,PO00054,true,0,0,MATCH,false,false,0,,2026-07-01T10:00:00,POSTED,
INV001128,2026-06-09T09:00:00,1000,V0011,451.35,EUR,PO00326,true,0,0,MATCH,false,false,0,,2026-07-01T10:00:00,POSTED,
INV001129,2026-06-10T09:00:00,1000,V0156,1544.63,EUR,PO00222,true,0,0,MATCH,false,false,0,,2026-07-01T10:00:00,POSTED,
INV001130,2026-06-11T09:00:00,1000,V0161,435.97,EUR,PO00164,true,0,0,BANK,true,false,2,AP supervisor; Treasury,2026-07-01T10:00:00,FRAUD_CONFIRMED,
INV001131,2026-06-12T09:00:00,1000,V0162,103.45,EUR,PO00432,true,0,0,BANK,true,false,2,AP supervisor; Treasury,2026-07-01T10:00:00,POSTED,
INV001132,2026-06-13T09:00:00,1000,V0190,788.14,EUR,PO00880,true,0,0,MATCH,false,false,0,,2026-07-01T10:00:00,POSTED,
INV001133,2026-06-14T09:00:00,1000,V0037,502.72,EUR,PO00237,true,236.71,0,PRICE,false,false,1,AP clerk,2026-07-01T10:00:00,POSTED,
INV001134,2026-06-15T09:00:00,1000,V0006,1833.63,EUR,PO00193,true,0,0,MATCH,false,false,0,,2026-07-01T10:00:00,POSTED,
INV001135,2026-06-16T09:00:00,1000,V0177,347.12,EUR,PO00438,true,0,0,MATCH,false,false,0,,2026-07-01T10:00:00,POSTED,
INV001136,2026-06-17T09:00:00,1000,V0160,436.4,EUR,PO00312,true,0,0,MATCH,false,false,0,,2026-07-01T10:00:00,POSTED,
INV001137,2026-06-18T09:00:00,1000,V0037,1003.36,EUR,PO00323,true,0,0,MATCH,false,false,0,,2026-07-01T10:00:00,POSTED,
INV001138,2026-06-19T09:00:00,1000,V0026,368.68,EUR,PO00236,true,0,0,MATCH,false,false,0,,2026-07-01T10:00:00,POSTED,
INV001139,2026-06-20T09:00:00,1000,V0152,650.65,EUR,PO00057,true,0,0,MATCH,false,false,0,,2026-07-01T10:00:00,POSTED,
INV001140,2026-06-21T09:00:00,1000,V0061,1644.01,EUR,PO00139,true,577.45,0,PRICE,false,false,1,AP clerk,2026-07-01T10:00:00,POSTED,
INV001141,2026-06-22T09:00:00,1000,V0111,1724.73,EUR,PO00220,true,0,0,MATCH,false,false,0,,2026-07-01T10:00:00,POSTED,
INV001142,2026-06-23T09:00:00,1000,V0299,1554.16,EUR,PO00651,true,0,0,MATCH,false,false,0,,2026-07-01T10:00:00,POSTED,
INV001143,2026-06-24T09:00:00,1000,V0261,1084.44,EUR,PO00821,true,645.96,0,PRICE,false,false,1,AP clerk,2026-07-01T10:00:00,POSTED,
INV001144,2026-06-25T09:00:00,1000,V0265,3088.41,EUR,PO00341,true,0,0,MATCH,false,false,0,,2026-07-01T10:00:00,POSTED,
INV001145,2026-06-26T09:00:00,1000,V0186,1518.25,EUR,PO00450,true,45.29,0,PRICE,false,false,1,AP clerk,2026-07-01T10:00:00,POSTED,
INV001146,2026-06-27T09:00:00,1000,V0187,7058.94,EUR,PO00406,true,0,0,MATCH,false,false,0,,2026-07-01T10:00:00,POSTED,
INV001147,2026-06-28T09:00:00,1000,V0164,2273.56,EUR,PO00731,true,0,0,MATCH,false,false,0,,2026-07-01T10:00:00,POSTED,
INV001148,2026-06-01T09:00:00,1000,V0088,270.06,EUR,PO00828,true,0,0,MATCH,false,false,0,,2026-07-01T10:00:00,POSTED,
INV001149,2026-06-02T09:00:00,1000,V0291,149.46,EUR,PO00517,true,0,0,MATCH,false,false,0,,2026-07-01T10:00:00,POSTED,
INV001150,2026-06-03T09:00:00,1000,V0147,8034.52,EUR,PO00317,true,0,0,MATCH,false,false,0,,2026-07-01T10:00:00,POSTED,
INV001151,2026-06-04T09:00:00,1000,V0164,5961.16,EUR,PO00172,true,0,0,MATCH,false,false,0,,2026-07-01T10:00:00,POSTED,
INV001152,2026-06-05T09:00:00,1000,V0098,833.51,EUR,PO00554,true,0,0,MATCH,false,false,0,,2026-07-01T10:00:00,POSTED,
INV001153,2026-06-06T09:00:00,1000,V0213,459.22,EUR,PO00365,true,0,0,MATCH,false,false,0,,2026-07-01T10:00:00,POSTED,
INV001154,2026-06-07T09:00:00,1000,V0135,536.92,EUR,PO00617,true,0,0,MATCH,false,false,0,,2026-07-01T10:00:00,POSTED,
INV001155,2026-06-08T09:00:00,1000,V0083,175.93,EUR,PO00696,true,0,0,MATCH,false,false,0,,2026-07-01T10:00:00,POSTED,
INV001156,2026-06-09T09:00:00,1000,V0281,1258.4,EUR,PO00224,true,0,0,MATCH,false,true,0,,2026-07-01T10:00:00,POSTED,
INV001157,2026-06-10T09:00:00,1000,V0233,1965.06,EUR,PO00280,true,0,0,MATCH,false,false,0,,2026-07-01T10:00:00,POSTED,
INV001158,2026-06-11T09:00:00,1000,V0110,1786.58,EUR,PO00259,true,0,0,MATCH,false,false,0,,2026-07-01T10:00:00,POSTED,
INV001159,2026-06-12T09:00:00,1000,V0151,486.62,EUR,PO00200,true,61.06,0,PRICE,false,false,1,AP clerk,2026-07-01T10:00:00,POSTED,
INV001160,2026-06-13T09:00:00,1000,V0294,2201.39,EUR,PO00890,true,0,0,MATCH,false,false,0,,2026-07-01T10:00:00,POSTED,
INV001161,2026-06-14T09:00:00,1000,V0128,736.26,EUR,PO00452,true,0,0,MATCH,false,false,0,,2026-07-01T10:00:00,POSTED,
INV001162,2026-06-15T09:00:00,1000,V0227,258.4,EUR,PO00701,true,200.22,0,PRICE,false,false,1,AP clerk,2026-07-01T10:00:00,POSTED,
INV001163,2026-06-16T09:00:00,1000,V0011,2730.98,EUR,PO00015,true,0,0,MATCH,false,false,0,,2026-07-01T10:00:00,POSTED,
INV001164,2026-06-17T09:00:00,1000,V0159,145.34,EUR,PO00778,true,878.47,0,PRICE,false,false,1,AP clerk,2026-07-01T10:00:00,REJECTED,
INV001165,2026-06-18T09:00:00,1000,V0230,464.11,EUR,PO00142,true,0,0,MATCH,false,false,0,,2026-07-01T10:00:00,POSTED,
INV001166,2026-06-19T09:00:00,1000,V0187,1745.29,EUR,PO00725,true,0,0,MATCH,false,false,0,,2026-07-01T10:00:00,POSTED,
INV001167,2026-06-20T09:00:00,1000,V0027,794.8,EUR,PO00313,true,0,0,MATCH,false,false,0,,2026-07-01T10:00:00,POSTED,
INV001168,2026-06-21T09:00:00,1000,V0110,422.5,EUR,PO00475,true,0,0,MATCH,false,false,0,,2026-07-01T10:00:00,POSTED,
INV001169,2026-06-22T09:00:00,1000,V0131,188.87,EUR,PO00296,true,0,0,MATCH,false,false,0,,2026-07-01T10:00:00,POSTED,
INV001170,2026-06-23T09:00:00,1000,V0134,1009.03,EUR,PO00147,true,76.17,0,PRICE,false,false,1,AP clerk,2026-07-01T10:00:00,POSTED,
INV001171,2026-06-24T09:00:00,1000,V0151,1008.54,EUR,PO00238,true,0,0,MATCH,false,false,0,,2026-07-01T10:00:00,POSTED,
INV001172,2026-06-25T09:00:00,1000,V0151,401.86,EUR,,true,0,0,DUP,false,false,1,AP clerk,2026-07-01T10:00:00,DUPLICATE_CONFIRMED,
INV001173,2026-06-26T09:00:00,1000,V0251,502.52,EUR,PO00531,true,0,0,MATCH,false,false,0,,2026-07-01T10:00:00,POSTED,
INV001174,2026-06-27T09:00:00,1000,V0168,378.49,EUR,PO00717,true,0,0,MATCH,false,false,0,,2026-07-01T10:00:00,POSTED,
INV001175,2026-06-28T09:00:00,1000,V0134,411.64,EUR,PO00684,true,136.51,0,PRICE,false,false,1,AP clerk,2026-07-01T10:00:00,POSTED,
INV001176,2026-06-01T09:00:00,1000,V0191,2109.69,EUR,PO00413,true,0,0,MATCH,false,false,0,,2026-07-01T10:00:00,POSTED,
INV001177,2026-06-02T09:00:00,1000,V0200,1770.72,EUR,PO00299,true,0,0,MATCH,false,false,0,,2026-07-01T10:00:00,POSTED,
INV001178,2026-06-03T09:00:00,1000,V0145,830.57,EUR,PO00187,true,216.65,0,PRICE,false,false,1,AP clerk,2026-07-01T10:00:00,POSTED,
INV001179,2026-06-04T09:00:00,1000,V0218,1254.15,EUR,PO00466,true,0,0,MATCH,false,false,0,,2026-07-01T10:00:00,POSTED,
INV001180,2026-06-05T09:00:00,1000,V0056,767.4,EUR,PO00424,true,54.45,0,PRICE,false,false,1,AP clerk,2026-07-01T10:00:00,POSTED,
INV001181,2026-06-06T09:00:00,1000,V0027,914.35,EUR,PO00405,true,0,0,MATCH,false,false,0,,2026-07-01T10:00:00,POSTED,
INV001182,2026-06-07T09:00:00,1000,V0131,453.82,EUR,PO00146,true,181.86,0,PRICE,false,false,1,AP clerk,2026-07-01T10:00:00,POSTED,
INV001183,2026-06-08T09:00:00,1000,V0292,990.83,EUR,PO00605,true,0,0,MATCH,false,false,0,,2026-07-01T10:00:00,POSTED,
INV001184,2026-06-09T09:00:00,1000,V0198,651.54,EUR,PO00795,true,0,0,MATCH,false,false,0,,2026-07-01T10:00:00,POSTED,
INV001185,2026-06-10T09:00:00,1000,V0074,1639.86,EUR,PO00291,true,0,0,MATCH,false,false,0,,2026-07-01T10:00:00,POSTED,
INV001186,2026-06-11T09:00:00,1000,V0151,1584.02,EUR,PO00337,true,0,0,BANK,true,false,2,AP supervisor; Treasury,2026-07-01T10:00:00,POSTED,
INV001187,2026-06-12T09:00:00,1000,V0059,442.43,EUR,PO00114,true,0,0,MATCH,false,false,0,,2026-07-01T10:00:00,POSTED,
INV001188,2026-06-13T09:00:00,1000,V0214,389.24,EUR,PO00835,true,0,0,MATCH,false,false,0,,2026-07-01T10:00:00,POSTED,
INV001189,2026-06-14T09:00:00,1000,V0010,453.69,EUR,PO00133,true,0,0,MATCH,false,false,0,,2026-07-01T10:00:00,POSTED,
INV001190,2026-06-15T09:00:00,1000,V0211,177.7,EUR,PO00314,true,0,0,MATCH,false,false,0,,2026-07-01T10:00:00,POSTED,
INV001191,2026-06-16T09:00:00,1000,V0086,1241.81,EUR,PO00320,true,0,0,MATCH,false,false,0,,2026-07-01T10:00:00,POSTED,
INV001192,2026-06-17T09:00:00,1000,V0106,1267.79,EUR,PO00099,true,0,0,MATCH,false,false,0,,2026-07-01T10:00:00,POSTED,
INV001193,2026-06-18T09:00:00,1000,V0098,848.96,EUR,PO00724,true,0,0,MATCH,false,false,0,,2026-07-01T10:00:00,POSTED,
INV001194,2026-06-19T09:00:00,1000,V0039,643.14,EUR,PO00527,true,0,0,MATCH,false,false,0,,2026-07-01T10:00:00,POSTED,
INV001195,2026-06-20T09:00:00,1000,V0228,2634.59,EUR,PO00516,true,0,0,MATCH,false,false,0,,2026-07-01T10:00:00,POSTED,
INV001196,2026-06-21T09:00:00,1000,V0141,869.82,EUR,PO00429,true,0,0,MATCH,false,false,0,,2026-07-01T10:00:00,POSTED,
INV001197,2026-06-22T09:00:00,1000,V0076,4659.61,EUR,PO00433,true,0,0,MATCH,false,false,0,,2026-07-01T10:00:00,POSTED,
INV001198,2026-06-23T09:00:00,1000,V0122,211.81,EUR,PO00524,true,0,0,BANK,true,false,2,AP supervisor; Treasury,2026-07-01T10:00:00,POSTED,
INV001199,2026-06-24T09:00:00,1000,V0293,1795.26,EUR,PO00817,true,0,0,MATCH,false,false,0,,2026-07-01T10:00:00,POSTED,
INV001200,2026-06-25T09:00:00,1000,V0073,332.22,EUR,PO00188,true,0,0,MATCH,false,false,0,,2026-07-01T10:00:00,POSTED,
INV001201,2026-06-26T09:00:00,1000,V0120,198.13,EUR,PO00900,true,0,0,MATCH,false,false,0,,2026-07-01T10:00:00,POSTED,
INV001202,2026-06-27T09:00:00,1000,V0021,900.19,EUR,PO00591,true,0,0,MATCH,false,false,0,,2026-07-01T10:00:00,POSTED,
INV001203,2026-06-28T09:00:00,1000,V0149,561.23,EUR,PO00272,true,0,0,BANK,true,false,2,AP supervisor; Treasury,2026-07-01T10:00:00,FRAUD_CONFIRMED,
INV001204,2026-06-01T09:00:00,1000,V0033,1467.72,EUR,PO00164,true,0,0,MATCH,false,false,0,,2026-07-01T10:00:00,POSTED,
INV001205,2026-06-02T09:00:00,1000,V0167,2605.79,EUR,PO00335,true,0,0,MATCH,false,false,0,,2026-07-01T10:00:00,POSTED,
INV001206,2026-06-03T09:00:00,1000,V0195,981.94,EUR,PO00798,true,110.13,0,PRICE,false,false,1,AP clerk,2026-07-01T10:00:00,POSTED,
INV001207,2026-06-04T09:00:00,1000,V0059,6320.29,EUR,PO00310,true,0,0,MATCH,false,false,0,,2026-07-01T10:00:00,POSTED,
INV001208,2026-06-05T09:00:00,1000,V0013,2452.55,EUR,PO00036,true,0,0,MATCH,false,false,0,,2026-07-01T10:00:00,POSTED,
INV001209,2026-06-06T09:00:00,1000,V0231,501.41,EUR,PO00219,true,0,0,MATCH,false,false,0,,2026-07-01T10:00:00,POSTED,
INV001210,2026-06-07T09:00:00,1000,V0299,381.85,EUR,PO00891,true,0,0,MATCH,false,false,0,,2026-07-01T10:00:00,POSTED,
INV001211,2026-06-08T09:00:00,1000,V0151,2161.29,EUR,PO00772,true,0,0,MATCH,false,false,0,,2026-07-01T10:00:00,POSTED,
INV001212,2026-06-09T09:00:00,1000,V0111,3595.92,EUR,PO00346,true,0,0,MATCH,false,false,0,,2026-07-01T10:00:00,POSTED,
INV001213,2026-06-10T09:00:00,1000,V0284,2538.66,EUR,PO00488,true,229.87,0,PRICE,false,false,1,AP clerk,2026-07-01T10:00:00,REJECTED,
INV001214,2026-06-11T09:00:00,1000,V0233,426.45,EUR,PO00869,true,0,0,MATCH,false,false,0,,2026-07-01T10:00:00,POSTED,
INV001215,2026-06-12T09:00:00,1000,V0230,540.09,EUR,PO00530,true,0,0,MATCH,false,false,0,,2026-07-01T10:00:00,POSTED,
INV001216,2026-06-13T09:00:00,1000,V0127,3345.96,EUR,PO00150,true,0,0,MATCH,false,false,0,,2026-07-01T10:00:00,POSTED,
INV001217,2026-06-14T09:00:00,1000,V0226,1672.27,EUR,PO00073,true,0,0,MATCH,false,false,0,,2026-07-01T10:00:00,POSTED,
INV001218,2026-06-15T09:00:00,1000,V0289,7362.65,EUR,PO00800,true,0,0,MATCH,false,false,0,,2026-07-01T10:00:00,POSTED,
INV001219,2026-06-16T09:00:00,1000,V0239,952.6,EUR,PO00677,true,0,0,MATCH,false,false,0,,2026-07-01T10:00:00,POSTED,
INV001220,2026-06-17T09:00:00,1000,V0186,1400.09,EUR,PO00256,true,0,0,MATCH,false,false,0,,2026-07-01T10:00:00,POSTED,
INV001221,2026-06-18T09:00:00,1000,V0113,4278.88,EUR,PO00367,true,0,0,MATCH,false,false,0,,2026-07-01T10:00:00,POSTED,
INV001222,2026-06-19T09:00:00,1000,V0059,1906.41,EUR,PO00422,true,0,0,MATCH,false,false,0,,2026-07-01T10:00:00,POSTED,
INV001223,2026-06-20T09:00:00,1000,V0126,5134.1,EUR,PO00486,true,0,0,MATCH,false,false,0,,2026-07-01T10:00:00,POSTED,
INV001224,2026-06-21T09:00:00,1000,V0128,790.68,EUR,PO00039,true,0,0,MATCH,false,false,0,,2026-07-01T10:00:00,POSTED,
INV001225,2026-06-22T09:00:00,1000,V0130,1213.67,EUR,PO00357,true,0,0,MATCH,false,false,0,,2026-07-01T10:00:00,POSTED,
INV001226,2026-06-23T09:00:00,1000,V0222,294.37,EUR,PO00864,true,0,0,MATCH,false,false,0,,2026-07-01T10:00:00,POSTED,
INV001227,2026-06-24T09:00:00,1000,V0261,2612.94,EUR,PO00234,true,0,0,MATCH,false,false,0,,2026-07-01T10:00:00,POSTED,
INV001228,2026-06-25T09:00:00,1000,V0207,923.54,EUR,PO00655,true,183.83,0,PRICE,false,false,1,AP clerk,2026-07-01T10:00:00,POSTED,
INV001229,2026-06-26T09:00:00,1000,V0265,1259.15,EUR,PO00467,true,0,0,MATCH,false,false,0,,2026-07-01T10:00:00,POSTED,
INV001230,2026-06-27T09:00:00,1000,V0008,188.84,EUR,PO00478,true,0,0,MATCH,false,false,0,,2026-07-01T10:00:00,POSTED,
INV001231,2026-06-28T09:00:00,1000,V0008,1695.43,EUR,PO00308,true,107.36,0,PRICE,false,false,1,AP clerk,2026-07-01T10:00:00,POSTED,
INV001232,2026-06-01T09:00:00,1000,V0164,421.99,EUR,PO00547,true,0,0,MATCH,false,false,0,,2026-07-01T10:00:00,POSTED,
INV001233,2026-06-02T09:00:00,1000,V0073,521.99,EUR,PO00784,true,1828.27,0,PRICE,false,false,1,AP clerk,2026-07-01T10:00:00,REJECTED,
INV001234,2026-06-03T09:00:00,1000,V0069,1044.52,EUR,PO00860,true,0,0,MATCH,false,false,0,,2026-07-01T10:00:00,POSTED,
INV001235,2026-06-04T09:00:00,1000,V0168,1113.74,EUR,PO00625,true,0,0,MATCH,false,false,0,,2026-07-01T10:00:00,POSTED,
INV001236,2026-06-05T09:00:00,1000,V0182,7009.88,EUR,PO00781,true,223.32,0,PRICE,false,false,1,AP clerk,2026-07-01T10:00:00,POSTED,
INV001237,2026-06-06T09:00:00,1000,V0027,4875.2,EUR,PO00135,true,0,0,MATCH,false,true,0,,2026-07-01T10:00:00,POSTED,
INV001238,2026-06-07T09:00:00,1000,V0038,998.46,EUR,PO00223,true,111.85,0,PRICE,false,false,1,AP clerk,2026-07-01T10:00:00,POSTED,
INV001239,2026-06-08T09:00:00,1000,V0264,489.46,EUR,PO00381,true,108.06,0,PRICE,false,false,1,AP clerk,2026-07-01T10:00:00,POSTED,
INV001240,2026-06-09T09:00:00,1000,V0084,176.03,EUR,PO00150,true,0,0,MATCH,false,false,0,,2026-07-01T10:00:00,POSTED,
INV001241,2026-06-10T09:00:00,1000,V0177,523.68,EUR,PO00380,true,59.88,0,PRICE,false,false,1,AP clerk,2026-07-01T10:00:00,REJECTED,
INV001242,2026-06-11T09:00:00,1000,V0197,2090.84,EUR,PO00073,true,0,0,MATCH,false,false,0,,2026-07-01T10:00:00,POSTED,
INV001243,2026-06-12T09:00:00,1000,V0141,169.47,EUR,PO00238,true,0,0,MATCH,false,false,0,,2026-07-01T10:00:00,POSTED,
INV001244,2026-06-13T09:00:00,1000,V0106,539.15,EUR,PO00759,true,1544.63,0,PRICE,false,false,1,AP clerk,2026-07-01T10:00:00,POSTED,
INV001245,2026-06-14T09:00:00,1000,V0084,1982.74,EUR,PO00404,true,0,0,MATCH,false,false,0,,2026-07-01T10:00:00,POSTED,
INV001246,2026-06-15T09:00:00,1000,V0272,672.04,EUR,PO00580,true,1884.29,0,PRICE,false,false,1,AP clerk,2026-07-01T10:00:00,POSTED,
INV001247,2026-06-16T09:00:00,1000,V0213,7779.47,EUR,PO00127,true,0,0,MATCH,false,false,0,,2026-07-01T10:00:00,POSTED,
INV001248,2026-06-17T09:00:00,1000,V0107,1160.6,EUR,PO00877,true,2201.13,0,PRICE,false,false,1,AP clerk,2026-07-01T10:00:00,POSTED,
INV001249,2026-06-18T09:00:00,1000,V0259,571.37,EUR,PO00237,true,1679.42,0,PRICE,false,false,1,AP clerk,2026-07-01T10:00:00,REJECTED,
INV001250,2026-06-19T09:00:00,1000,V0178,2828.8,EUR,PO00864,true,0,0,MATCH,false,false,0,,2026-07-01T10:00:00,POSTED,
INV001251,2026-06-20T09:00:00,1000,V0211,2392.29,EUR,PO00765,true,0,0,MATCH,false,true,0,,2026-07-01T10:00:00,POSTED,
INV001252,2026-06-21T09:00:00,1000,V0266,4467.45,EUR,PO00757,true,0,0,MATCH,false,false,0,,2026-07-01T10:00:00,POSTED,
INV001253,2026-06-22T09:00:00,1000,V0158,391.45,EUR,PO00764,true,0,0,MATCH,false,false,0,,2026-07-01T10:00:00,POSTED,
INV001254,2026-06-23T09:00:00,1000,V0087,679.12,EUR,PO00147,true,0,0,MATCH,false,false,0,,2026-07-01T10:00:00,POSTED,
INV001255,2026-06-24T09:00:00,1000,V0110,7338.69,EUR,PO00419,true,0,0,MATCH,false,false,0,,2026-07-01T10:00:00,POSTED,
INV001256,2026-06-25T09:00:00,1000,V0230,1414.91,EUR,PO00215,true,122.0,0,PRICE,false,false,1,AP clerk,2026-07-01T10:00:00,REJECTED,
INV001257,2026-06-26T09:00:00,1000,V0099,471.7,EUR,PO00486,true,2999.55,0,PRICE,false,false,1,AP clerk,2026-07-01T10:00:00,POSTED,
INV001258,2026-06-27T09:00:00,1000,V0102,2511.97,EUR,PO00601,true,0,0,MATCH,false,false,0,,2026-07-01T10:00:00,POSTED,
INV001259,2026-06-28T09:00:00,1000,V0052,1726.44,EUR,PO00106,true,183.76,0,PRICE,false,false,1,AP clerk,2026-07-01T10:00:00,POSTED,
INV001260,2026-06-01T09:00:00,1000,V0120,13346.35,EUR,PO00623,true,0,0,MATCH,false,true,0,,2026-07-01T10:00:00,POSTED,
INV001261,2026-06-02T09:00:00,1000,V0240,1563.51,EUR,PO00603,true,0,0,MATCH,false,false,0,,2026-07-01T10:00:00,POSTED,
INV001262,2026-06-03T09:00:00,1000,V0167,992.63,EUR,PO00885,true,0,0,MATCH,false,false,0,,2026-07-01T10:00:00,POSTED,
INV001263,2026-06-04T09:00:00,1000,V0173,2241.94,EUR,PO00413,true,0,0,BANK,true,false,2,AP supervisor; Treasury,2026-07-01T10:00:00,POSTED,
INV001264,2026-06-05T09:00:00,1000,V0173,2026.11,EUR,PO00515,true,0,0,MATCH,false,false,0,,2026-07-01T10:00:00,POSTED,
INV001265,2026-06-06T09:00:00,1000,V0224,4174.04,EUR,PO00292,true,0,0,MATCH,false,false,0,,2026-07-01T10:00:00,POSTED,
INV001266,2026-06-07T09:00:00,1000,V0152,1958.97,EUR,PO00865,true,0,0,MATCH,false,false,0,,2026-07-01T10:00:00,POSTED,
INV001267,2026-06-08T09:00:00,1000,V0153,706.67,EUR,PO00121,true,0,0,MATCH,false,false,0,,2026-07-01T10:00:00,POSTED,
INV001268,2026-06-09T09:00:00,1000,V0026,413.66,EUR,PO00696,true,154.39,0,PRICE,false,true,1,AP clerk,2026-07-01T10:00:00,POSTED,
INV001269,2026-06-10T09:00:00,1000,V0179,685.73,EUR,PO00293,true,0,0,MATCH,false,false,0,,2026-07-01T10:00:00,POSTED,
INV001270,2026-06-11T09:00:00,1000,V0017,8798.59,EUR,PO00508,true,0,0,MATCH,false,false,0,,2026-07-01T10:00:00,POSTED,
INV001271,2026-06-12T09:00:00,1000,V0036,803.33,EUR,PO00389,true,0,0,MATCH,false,false,0,,2026-07-01T10:00:00,POSTED,
INV001272,2026-06-13T09:00:00,1000,V0203,1135.0,EUR,PO00788,true,0,0,MATCH,false,false,0,,2026-07-01T10:00:00,POSTED,
INV001273,2026-06-14T09:00:00,1000,V0018,3420.45,EUR,PO00371,true,0,0,MATCH,false,false,0,,2026-07-01T10:00:00,POSTED,
INV001274,2026-06-15T09:00:00,1000,V0118,394.29,EUR,PO00573,true,0,0,BANK,true,false,2,AP supervisor; Treasury,2026-07-01T10:00:00,POSTED,
INV001275,2026-06-16T09:00:00,1000,V0081,3242.68,EUR,PO00234,true,0,0,MATCH,false,false,0,,2026-07-01T10:00:00,POSTED,
INV001276,2026-06-17T09:00:00,1000,V0054,1550.09,EUR,PO00715,true,2813.22,0,PRICE,false,false,1,AP clerk,2026-07-01T10:00:00,POSTED,
INV001277,2026-06-18T09:00:00,1000,V0204,346.14,EUR,PO00170,true,0,0,MATCH,false,false,0,,2026-07-01T10:00:00,POSTED,
INV001278,2026-06-19T09:00:00,1000,V0245,478.36,EUR,PO00732,true,0,0,MATCH,false,true,0,,2026-07-01T10:00:00,POSTED,
INV001279,2026-06-20T09:00:00,1000,V0028,1325.45,EUR,PO00011,true,0,0,MATCH,false,false,0,,2026-07-01T10:00:00,POSTED,
INV001280,2026-06-21T09:00:00,1000,V0129,188.99,EUR,PO00729,true,0,0,MATCH,false,false,0,,2026-07-01T10:00:00,POSTED,
INV001281,2026-06-22T09:00:00,1000,V0082,491.01,EUR,PO00255,true,0,0,MATCH,false,false,0,,2026-07-01T10:00:00,POSTED,
INV001282,2026-06-23T09:00:00,1000,V0164,446.79,EUR,PO00755,true,0,0,MATCH,false,false,0,,2026-07-01T10:00:00,POSTED,
INV001283,2026-06-24T09:00:00,1000,V0218,2414.87,EUR,PO00227,true,0,0,MATCH,false,false,0,,2026-07-01T10:00:00,POSTED,
INV001284,2026-06-25T09:00:00,1000,V0227,602.91,EUR,PO00251,true,2895.74,0,PRICE,false,false,1,AP clerk,2026-07-01T10:00:00,POSTED,
INV001285,2026-06-26T09:00:00,1000,V0059,2208.14,EUR,PO00206,true,1078.67,0,PRICE,false,false,1,AP clerk,2026-07-01T10:00:00,REJECTED,
INV001286,2026-06-27T09:00:00,1000,V0092,1372.39,EUR,PO00659,true,0,0,MATCH,false,false,0,,2026-07-01T10:00:00,POSTED,
INV001287,2026-06-28T09:00:00,1000,V0167,1332.47,EUR,,true,0,0,DUP,false,false,1,AP clerk,2026-07-01T10:00:00,DUPLICATE_CONFIRMED,
INV001288,2026-06-01T09:00:00,1000,V0213,443.47,EUR,PO00825,true,0,0,MATCH,false,false,0,,2026-07-01T10:00:00,POSTED,
INV001289,2026-06-02T09:00:00,1000,V0264,2585.77,EUR,PO00720,true,0,0,MATCH,false,false,0,,2026-07-01T10:00:00,POSTED,
INV001290,2026-06-03T09:00:00,1000,V0079,431.84,EUR,PO00404,true,0,0,MATCH,false,false,0,,2026-07-01T10:00:00,POSTED,
INV001291,2026-06-04T09:00:00,1000,V0142,7002.63,EUR,PO00184,true,2886.6,0,PRICE,false,true,1,AP clerk,2026-07-01T10:00:00,REJECTED,
INV001292,2026-06-05T09:00:00,1000,V0144,1412.33,EUR,PO00226,true,0,0,MATCH,false,false,0,,2026-07-01T10:00:00,POSTED,
INV001293,2026-06-06T09:00:00,1000,V0087,1787.96,EUR,PO00428,true,0,0,BANK,true,false,2,AP supervisor; Treasury,2026-07-01T10:00:00,POSTED,
INV001294,2026-06-07T09:00:00,1000,V0035,1713.62,EUR,PO00613,true,0,0,MATCH,false,false,0,,2026-07-01T10:00:00,POSTED,
INV001295,2026-06-08T09:00:00,1000,V0227,1382.43,EUR,PO00804,true,0,0,BANK,true,false,2,AP supervisor; Treasury,2026-07-01T10:00:00,POSTED,
INV001296,2026-06-09T09:00:00,1000,V0209,691.66,EUR,PO00686,true,0,0,MATCH,false,false,0,,2026-07-01T10:00:00,POSTED,
INV001297,2026-06-10T09:00:00,1000,V0181,3809.97,EUR,PO00239,true,217.09,0,PRICE,false,false,1,AP clerk,2026-07-01T10:00:00,POSTED,
INV001298,2026-06-11T09:00:00,1000,V0084,955.27,EUR,PO00211,true,0,0,MATCH,false,false,0,,2026-07-01T10:00:00,POSTED,
INV001299,2026-06-12T09:00:00,1000,V0112,470.81,EUR,PO00453,true,0,0,MATCH,false,false,0,,2026-07-01T10:00:00,POSTED,
INV001300,2026-06-13T09:00:00,1000,V0179,752.89,EUR,PO00310,true,91.6,0,PRICE,false,false,1,AP clerk,2026-07-01T10:00:00,POSTED,
INV001301,2026-06-14T09:00:00,1000,V0086,930.91,EUR,PO00787,true,0,0,MATCH,false,false,0,,2026-07-01T10:00:00,POSTED,
INV001302,2026-06-15T09:00:00,1000,V0166,1932.41,EUR,PO00380,true,73.18,0,PRICE,false,false,1,AP clerk,2026-07-01T10:00:00,POSTED,
INV001303,2026-06-16T09:00:00,1000,V0067,1889.12,EUR,PO00754,true,0,0,MATCH,false,false,0,,2026-07-01T10:00:00,POSTED,
INV001304,2026-06-17T09:00:00,1000,V0225,743.87,EUR,PO00539,true,0,0,MATCH,false,false,0,,2026-07-01T10:00:00,POSTED,
INV001305,2026-06-18T09:00:00,1000,V0071,1089.84,EUR,PO00331,true,1722.73,0,PRICE,false,false,1,AP clerk,2026-07-01T10:00:00,POSTED,
INV001306,2026-06-19T09:00:00,1000,V0028,5820.11,EUR,PO00608,true,0,0,MATCH,false,false,0,,2026-07-01T10:00:00,POSTED,
INV001307,2026-06-20T09:00:00,1000,V0072,1104.0,EUR,PO00333,true,0,0,MATCH,false,false,0,,2026-07-01T10:00:00,POSTED,
INV001308,2026-06-21T09:00:00,1000,V0200,3322.03,EUR,PO00622,true,0,0,MATCH,false,false,0,,2026-07-01T10:00:00,POSTED,
INV001309,2026-06-22T09:00:00,1000,V0007,1888.03,EUR,PO00737,true,0,0,MATCH,false,false,0,,2026-07-01T10:00:00,POSTED,
INV001310,2026-06-23T09:00:00,1000,V0173,246.9,EUR,PO00571,true,1810.42,0,PRICE,false,false,1,AP clerk,2026-07-01T10:00:00,POSTED,
INV001311,2026-06-24T09:00:00,1000,V0186,3840.92,EUR,PO00099,true,0,0,MATCH,false,false,0,,2026-07-01T10:00:00,POSTED,
INV001312,2026-06-25T09:00:00,1000,V0030,327.46,EUR,PO00693,true,0,0,BANK,true,false,2,AP supervisor; Treasury,2026-07-01T10:00:00,POSTED,
INV001313,2026-06-26T09:00:00,1000,V0019,2774.57,EUR,PO00404,true,0,0,MATCH,false,false,0,,2026-07-01T10:00:00,POSTED,
INV001314,2026-06-27T09:00:00,1000,V0254,1445.74,EUR,PO00038,true,227.69,0,PRICE,false,false,1,AP clerk,2026-07-01T10:00:00,REJECTED,
INV001315,2026-06-28T09:00:00,1000,V0300,3055.97,EUR,PO00602,true,138.45,0,PRICE,false,false,1,AP clerk,2026-07-01T10:00:00,POSTED,
INV001316,2026-06-01T09:00:00,1000,V0071,393.77,EUR,PO00476,true,0,0,MATCH,false,false,0,,2026-07-01T10:00:00,POSTED,
INV001317,2026-06-02T09:00:00,1000,V0072,2028.61,EUR,PO00225,true,156.25,0,PRICE,false,false,1,AP clerk,2026-07-01T10:00:00,POSTED,
INV001318,2026-06-03T09:00:00,1000,V0300,2565.01,EUR,PO00756,true,0,0,MATCH,false,false,0,,2026-07-01T10:00:00,POSTED,
INV001319,2026-06-04T09:00:00,1000,V0151,887.64,EUR,PO00715,true,0,0,MATCH,false,false,0,,2026-07-01T10:00:00,POSTED,
INV001320,2026-06-05T09:00:00,1000,V0276,1800.75,EUR,PO00351,true,0,0,MATCH,false,false,0,,2026-07-01T10:00:00,POSTED,
INV001321,2026-06-06T09:00:00,1000,V0176,1124.0,EUR,PO00463,true,0,0,MATCH,false,false,0,,2026-07-01T10:00:00,POSTED,
INV001322,2026-06-07T09:00:00,1000,V0024,2638.67,EUR,PO00195,true,0,0,MATCH,false,false,0,,2026-07-01T10:00:00,POSTED,
INV001323,2026-06-08T09:00:00,1000,V0213,737.31,EUR,PO00574,true,0,0,MATCH,false,false,0,,2026-07-01T10:00:00,POSTED,
INV001324,2026-06-09T09:00:00,1000,V0274,2020.19,EUR,PO00595,true,0,0,MATCH,false,false,0,,2026-07-01T10:00:00,POSTED,
INV001325,2026-06-10T09:00:00,1000,V0143,2702.98,EUR,PO00175,true,187.25,0,PRICE,false,false,1,AP clerk,2026-07-01T10:00:00,POSTED,
INV001326,2026-06-11T09:00:00,1000,V0209,1625.38,EUR,PO00688,true,0,0,MATCH,false,false,0,,2026-07-01T10:00:00,POSTED,
INV001327,2026-06-12T09:00:00,1000,V0283,3010.26,EUR,PO00843,true,0,0,MATCH,false,false,0,,2026-07-01T10:00:00,POSTED,
INV001328,2026-06-13T09:00:00,1000,V0119,2925.27,EUR,PO00203,true,0,0,MATCH,false,false,0,,2026-07-01T10:00:00,POSTED,
INV001329,2026-06-14T09:00:00,1000,V0114,779.61,EUR,PO00787,true,0,0,MATCH,false,true,0,,2026-07-01T10:00:00,POSTED,
INV001330,2026-06-15T09:00:00,1000,V0079,2619.55,EUR,PO00426,true,0,0,MATCH,false,false,0,,2026-07-01T10:00:00,POSTED,
INV001331,2026-06-16T09:00:00,1000,V0003,2635.62,EUR,PO00100,true,182.11,0,PRICE,false,false,1,AP clerk,2026-07-01T10:00:00,POSTED,
INV001332,2026-06-17T09:00:00,1000,V0217,5902.08,EUR,PO00056,true,0,0,MATCH,false,false,0,,2026-07-01T10:00:00,POSTED,
INV001333,2026-06-18T09:00:00,1000,V0145,1602.33,EUR,PO00574,true,0,0,MATCH,false,false,0,,2026-07-01T10:00:00,POSTED,
INV001334,2026-06-19T09:00:00,1000,V0027,1176.14,EUR,PO00314,true,0,0,MATCH,false,false,0,,2026-07-01T10:00:00,POSTED,
INV001335,2026-06-20T09:00:00,1000,V0183,934.0,EUR,PO00320,true,0,0,MATCH,false,true,0,,2026-07-01T10:00:00,POSTED,
INV001336,2026-06-21T09:00:00,1000,V0077,389.22,EUR,PO00264,true,0,0,MATCH,false,false,0,,2026-07-01T10:00:00,POSTED,
INV001337,2026-06-22T09:00:00,1000,V0003,854.35,EUR,PO00543,true,0,0,MATCH,false,false,0,,2026-07-01T10:00:00,POSTED,
INV001338,2026-06-23T09:00:00,1000,V0145,275.13,EUR,PO00365,true,0,0,MATCH,false,false,0,,2026-07-01T10:00:00,POSTED,
INV001339,2026-06-24T09:00:00,1000,V0234,2350.22,EUR,PO00439,true,0,0,MATCH,false,false,0,,2026-07-01T10:00:00,POSTED,
INV001340,2026-06-25T09:00:00,1000,V0273,690.07,EUR,PO00779,true,0,0,MATCH,false,false,0,,2026-07-01T10:00:00,POSTED,
INV001341,2026-06-26T09:00:00,1000,V0177,584.24,EUR,PO00022,true,0,0,MATCH,false,false,0,,2026-07-01T10:00:00,POSTED,
INV001342,2026-06-27T09:00:00,1000,V0242,299.59,EUR,PO00216,true,0,0,MATCH,false,false,0,,2026-07-01T10:00:00,POSTED,
INV001343,2026-06-28T09:00:00,1000,V0048,1445.7,EUR,PO00023,true,143.29,0,PRICE,false,false,1,AP clerk,2026-07-01T10:00:00,POSTED,
INV001344,2026-06-01T09:00:00,1000,V0170,645.71,EUR,PO00765,true,0,0,MATCH,false,false,0,,2026-07-01T10:00:00,POSTED,
INV001345,2026-06-02T09:00:00,1000,V0276,1248.8,EUR,PO00069,true,1435.47,0,PRICE,false,false,1,AP clerk,2026-07-01T10:00:00,POSTED,
INV001346,2026-06-03T09:00:00,1000,V0176,2326.09,EUR,PO00394,true,0,0,MATCH,false,false,0,,2026-07-01T10:00:00,POSTED,
INV001347,2026-06-04T09:00:00,1000,V0007,10496.49,EUR,PO00320,true,0,0,MATCH,false,false,0,,2026-07-01T10:00:00,POSTED,
INV001348,2026-06-05T09:00:00,1000,V0204,6115.82,EUR,PO00689,true,0,0,MATCH,false,false,0,,2026-07-01T10:00:00,POSTED,
INV001349,2026-06-06T09:00:00,1000,V0295,1688.16,EUR,PO00307,true,0,0,MATCH,false,false,0,,2026-07-01T10:00:00,POSTED,
INV001350,2026-06-07T09:00:00,1000,V0159,434.64,EUR,PO00073,true,151.51,0,PRICE,false,false,1,AP clerk,2026-07-01T10:00:00,REJECTED,
INV001351,2026-06-08T09:00:00,1000,V0037,731.14,EUR,PO00011,true,23.15,0,PRICE,false,true,1,AP clerk,2026-07-01T10:00:00,POSTED,
INV001352,2026-06-09T09:00:00,1000,V0286,964.8,EUR,PO00355,true,0,0,MATCH,false,true,0,,2026-07-01T10:00:00,POSTED,
INV001353,2026-06-10T09:00:00,1000,V0024,4034.94,EUR,PO00578,true,0,0,MATCH,false,false,0,,2026-07-01T10:00:00,POSTED,
INV001354,2026-06-11T09:00:00,1000,V0283,655.34,EUR,PO00353,true,0,0,MATCH,false,false,0,,2026-07-01T10:00:00,POSTED,
INV001355,2026-06-12T09:00:00,1000,V0253,612.25,EUR,PO00652,true,50.09,0,PRICE,false,false,1,AP clerk,2026-07-01T10:00:00,POSTED,
INV001356,2026-06-13T09:00:00,1000,V0189,1030.72,EUR,PO00845,true,0,0,MATCH,false,false,0,,2026-07-01T10:00:00,POSTED,
INV001357,2026-06-14T09:00:00,1000,V0218,11370.76,EUR,PO00542,true,0,0,MATCH,false,false,0,,2026-07-01T10:00:00,POSTED,
INV001358,2026-06-15T09:00:00,1000,V0117,290.02,EUR,PO00244,true,0,0,MATCH,false,false,0,,2026-07-01T10:00:00,POSTED,
INV001359,2026-06-16T09:00:00,1000,V0038,1144.49,EUR,PO00435,true,0,0,MATCH,false,false,0,,2026-07-01T10:00:00,POSTED,
INV001360,2026-06-17T09:00:00,1000,V0002,230.7,EUR,PO00302,true,0,0,MATCH,false,false,0,,2026-07-01T10:00:00,POSTED,
INV001361,2026-06-18T09:00:00,1000,V0209,514.35,EUR,PO00467,true,0,0,MATCH,false,false,0,,2026-07-01T10:00:00,POSTED,
INV001362,2026-06-19T09:00:00,1000,V0007,4445.1,EUR,PO00570,true,0,0,MATCH,false,false,0,,2026-07-01T10:00:00,POSTED,
INV001363,2026-06-20T09:00:00,1000,V0220,1949.91,EUR,PO00232,true,0,0,MATCH,false,false,0,,2026-07-01T10:00:00,POSTED,
INV001364,2026-06-21T09:00:00,1000,V0042,2876.6,EUR,PO00113,true,0,0,MATCH,false,false,0,,2026-07-01T10:00:00,POSTED,
INV001365,2026-06-22T09:00:00,1000,V0103,3189.65,EUR,PO00726,true,0,0,MATCH,false,false,0,,2026-07-01T10:00:00,POSTED,
INV001366,2026-06-23T09:00:00,1000,V0122,1873.53,EUR,,true,0,0,DUP,false,true,1,AP clerk,2026-07-01T10:00:00,DUPLICATE_CONFIRMED,
INV001367,2026-06-24T09:00:00,1000,V0073,1994.25,EUR,PO00307,true,0,0,MATCH,false,false,0,,2026-07-01T10:00:00,POSTED,
INV001368,2026-06-25T09:00:00,1000,V0123,3373.55,EUR,PO00496,true,167.42,0,PRICE,false,false,1,AP clerk,2026-07-01T10:00:00,POSTED,
INV001369,2026-06-26T09:00:00,1000,V0154,3400.32,EUR,PO00528,true,0,0,MATCH,false,false,0,,2026-07-01T10:00:00,POSTED,
INV001370,2026-06-27T09:00:00,1000,V0125,581.31,EUR,PO00501,true,0,0,MATCH,false,false,0,,2026-07-01T10:00:00,POSTED,
INV001371,2026-06-28T09:00:00,1000,V0028,1355.95,EUR,PO00769,true,0,0,MATCH,false,false,0,,2026-07-01T10:00:00,POSTED,
INV001372,2026-06-01T09:00:00,1000,V0179,547.95,EUR,PO00363,true,0,0,MATCH,false,false,0,,2026-07-01T10:00:00,POSTED,
INV001373,2026-06-02T09:00:00,1000,V0055,2531.18,EUR,PO00511,true,0,0,MATCH,false,false,0,,2026-07-01T10:00:00,POSTED,
INV001374,2026-06-03T09:00:00,1000,V0041,1535.53,EUR,PO00296,true,0,0,MATCH,false,false,0,,2026-07-01T10:00:00,POSTED,
INV001375,2026-06-04T09:00:00,1000,V0043,657.04,EUR,PO00548,true,0,0,MATCH,false,false,0,,2026-07-01T10:00:00,POSTED,
INV001376,2026-06-05T09:00:00,1000,V0203,345.38,EUR,PO00313,true,0,0,MATCH,false,false,0,,2026-07-01T10:00:00,POSTED,
INV001377,2026-06-06T09:00:00,1000,V0050,290.48,EUR,PO00852,true,0,0,MATCH,false,false,0,,2026-07-01T10:00:00,POSTED,
INV001378,2026-06-07T09:00:00,1000,V0026,1124.84,EUR,PO00278,true,0,0,MATCH,false,false,0,,2026-07-01T10:00:00,POSTED,
INV001379,2026-06-08T09:00:00,1000,V0002,1107.32,EUR,PO00125,true,0,0,MATCH,false,false,0,,2026-07-01T10:00:00,POSTED,
INV001380,2026-06-09T09:00:00,1000,V0012,3263.45,EUR,PO00305,true,0,0,MATCH,false,false,0,,2026-07-01T10:00:00,POSTED,
INV001381,2026-06-10T09:00:00,1000,V0275,334.3,EUR,PO00309,true,0,0,MATCH,false,false,0,,2026-07-01T10:00:00,POSTED,
INV001382,2026-06-11T09:00:00,1000,V0123,2909.81,EUR,PO00084,true,0,0,MATCH,false,false,0,,2026-07-01T10:00:00,POSTED,
INV001383,2026-06-12T09:00:00,1000,V0282,4622.99,EUR,PO00157,true,0,0,MATCH,false,false,0,,2026-07-01T10:00:00,POSTED,
INV001384,2026-06-13T09:00:00,1000,V0031,1622.32,EUR,PO00071,true,0,0,MATCH,false,false,0,,2026-07-01T10:00:00,POSTED,
INV001385,2026-06-14T09:00:00,1000,V0186,1734.16,EUR,PO00574,true,0,0,MATCH,false,false,0,,2026-07-01T10:00:00,POSTED,
INV001386,2026-06-15T09:00:00,1000,V0182,673.36,EUR,PO00038,true,0,0,MATCH,false,true,0,,2026-07-01T10:00:00,POSTED,
INV001387,2026-06-16T09:00:00,1000,V0282,1327.41,EUR,PO00319,true,0,0,MATCH,false,false,0,,2026-07-01T10:00:00,POSTED,
INV001388,2026-06-17T09:00:00,1000,V0077,1786.17,EUR,,true,0,0,DUP,false,true,1,AP clerk,2026-07-01T10:00:00,DUPLICATE_CONFIRMED,
INV001389,2026-06-18T09:00:00,1000,V0233,1918.84,EUR,PO00281,true,0,0,MATCH,false,false,0,,2026-07-01T10:00:00,POSTED,
INV001390,2026-06-19T09:00:00,1000,V0092,4158.28,EUR,PO00444,true,0,0,MATCH,false,false,0,,2026-07-01T10:00:00,POSTED,
INV001391,2026-06-20T09:00:00,1000,V0180,17417.55,EUR,PO00603,true,0,0,MATCH,false,false,0,,2026-07-01T10:00:00,POSTED,
INV001392,2026-06-21T09:00:00,1000,V0242,399.13,EUR,PO00695,true,0,0,MATCH,false,false,0,,2026-07-01T10:00:00,POSTED,
INV001393,2026-06-22T09:00:00,1000,V0025,1783.8,EUR,PO00278,true,0,0,MATCH,false,false,0,,2026-07-01T10:00:00,POSTED,
INV001394,2026-06-23T09:00:00,1000,V0094,688.74,EUR,PO00308,true,0,0,MATCH,false,true,0,,2026-07-01T10:00:00,POSTED,
INV001395,2026-06-24T09:00:00,1000,V0046,1220.4,EUR,PO00803,true,0,0,MATCH,false,false,0,,2026-07-01T10:00:00,POSTED,
INV001396,2026-06-25T09:00:00,1000,V0025,1491.85,EUR,,true,0,0,DUP,false,false,1,AP clerk,2026-07-01T10:00:00,DUPLICATE_CONFIRMED,
INV001397,2026-06-26T09:00:00,1000,V0035,5705.98,EUR,PO00716,true,0,0,MATCH,false,false,0,,2026-07-01T10:00:00,POSTED,
INV001398,2026-06-27T09:00:00,1000,V0024,1352.73,EUR,PO00101,true,0,0,MATCH,false,false,0,,2026-07-01T10:00:00,POSTED,
INV001399,2026-06-28T09:00:00,1000,V0125,1418.31,EUR,PO00403,true,0,0,MATCH,false,false,0,,2026-07-01T10:00:00,POSTED,
INV001400,2026-06-01T09:00:00,1000,V0190,17055.53,EUR,PO00239,true,0,0,MATCH,false,true,0,,2026-07-01T10:00:00,POSTED,
INV001401,2026-06-02T09:00:00,1000,V0096,758.6,EUR,PO00838,true,0,0,MATCH,false,false,0,,2026-07-01T10:00:00,POSTED,
INV001402,2026-06-03T09:00:00,1000,V0059,393.37,EUR,PO00262,true,0,0,MATCH,false,false,0,,2026-07-01T10:00:00,POSTED,
INV001403,2026-06-04T09:00:00,1000,V0266,398.88,EUR,PO00524,true,208.44,0,PRICE,false,false,1,AP clerk,2026-07-01T10:00:00,POSTED,
INV001404,2026-06-05T09:00:00,1000,V0080,1539.5,EUR,PO00372,true,0,0,MATCH,false,false,0,,2026-07-01T10:00:00,POSTED,
INV001405,2026-06-06T09:00:00,1000,V0050,407.61,EUR,PO00647,true,0,0,MATCH,false,false,0,,2026-07-01T10:00:00,POSTED,
INV001406,2026-06-07T09:00:00,1000,V0149,1864.41,EUR,PO00314,true,43.56,0,PRICE,false,false,1,AP clerk,2026-07-01T10:00:00,POSTED,
INV001407,2026-06-08T09:00:00,1000,V0014,1070.24,EUR,PO00092,true,0,0,MATCH,false,false,0,,2026-07-01T10:00:00,POSTED,
INV001408,2026-06-09T09:00:00,1000,V0279,1779.26,EUR,PO00071,true,0,0,MATCH,false,false,0,,2026-07-01T10:00:00,POSTED,
INV001409,2026-06-10T09:00:00,1000,V0128,392.12,EUR,PO00390,true,0,0,MATCH,false,false,0,,2026-07-01T10:00:00,POSTED,
INV001410,2026-06-11T09:00:00,1000,V0094,2418.67,EUR,PO00072,true,0,0,BANK,true,false,2,AP supervisor; Treasury,2026-07-01T10:00:00,POSTED,
INV001411,2026-06-12T09:00:00,1000,V0040,14478.78,EUR,PO00772,true,0,0,MATCH,false,false,0,,2026-07-01T10:00:00,POSTED,
INV001412,2026-06-13T09:00:00,1000,V0130,777.5,EUR,PO00798,true,0,0,MATCH,false,false,0,,2026-07-01T10:00:00,POSTED,
INV001413,2026-06-14T09:00:00,1000,V0077,1331.87,EUR,PO00048,true,63.4,0,PRICE,false,false,1,AP clerk,2026-07-01T10:00:00,POSTED,
INV001414,2026-06-15T09:00:00,1000,V0286,716.97,EUR,PO00031,true,1217.15,0,PRICE,false,false,1,AP clerk,2026-07-01T10:00:00,REJECTED,
INV001415,2026-06-16T09:00:00,1000,V0134,200.82,EUR,PO00674,true,0,0,MATCH,false,false,0,,2026-07-01T10:00:00,POSTED,
INV001416,2026-06-17T09:00:00,1000,V0088,1981.47,EUR,PO00253,true,0,0,BANK,true,false,2,AP supervisor; Treasury,2026-07-01T10:00:00,FRAUD_CONFIRMED,
INV001417,2026-06-18T09:00:00,1000,V0218,2835.9,EUR,PO00397,true,208.95,0,PRICE,false,false,1,AP clerk,2026-07-01T10:00:00,POSTED,
INV001418,2026-06-19T09:00:00,1000,V0159,459.96,EUR,PO00578,true,208.81,0,PRICE,false,false,1,AP clerk,2026-07-01T10:00:00,POSTED,
INV001419,2026-06-20T09:00:00,1000,V0117,1245.0,EUR,PO00019,true,111.79,0,PRICE,false,false,1,AP clerk,2026-07-01T10:00:00,POSTED,
INV001420,2026-06-21T09:00:00,1000,V0249,114.25,EUR,PO00252,true,0,0,MATCH,false,false,0,,2026-07-01T10:00:00,POSTED,
INV001421,2026-06-22T09:00:00,1000,V0179,8096.03,EUR,PO00711,true,0,0,MATCH,false,false,0,,2026-07-01T10:00:00,POSTED,
INV001422,2026-06-23T09:00:00,1000,V0093,794.25,EUR,PO00562,true,0,0,MATCH,false,false,0,,2026-07-01T10:00:00,POSTED,
INV001423,2026-06-24T09:00:00,1000,V0200,143.92,EUR,PO00084,true,0,0,MATCH,false,false,0,,2026-07-01T10:00:00,POSTED,
INV001424,2026-06-25T09:00:00,1000,V0032,3488.06,EUR,PO00251,true,0,0,MATCH,false,false,0,,2026-07-01T10:00:00,POSTED,
INV001425,2026-06-26T09:00:00,1000,V0046,628.32,EUR,PO00717,true,0,0,MATCH,false,false,0,,2026-07-01T10:00:00,POSTED,
INV001426,2026-06-27T09:00:00,1000,V0149,540.01,EUR,PO00106,true,0,0,MATCH,false,false,0,,2026-07-01T10:00:00,POSTED,
INV001427,2026-06-28T09:00:00,1000,V0296,390.21,EUR,PO00524,true,46.66,0,PRICE,false,false,1,AP clerk,2026-07-01T10:00:00,POSTED,
INV001428,2026-06-01T09:00:00,1000,V0185,1064.59,EUR,PO00796,true,0,0,MATCH,false,false,0,,2026-07-01T10:00:00,POSTED,
INV001429,2026-06-02T09:00:00,1000,V0149,2260.58,EUR,PO00270,true,0,0,MATCH,false,false,0,,2026-07-01T10:00:00,POSTED,
INV001430,2026-06-03T09:00:00,1000,V0197,450.89,EUR,PO00280,true,0,0,MATCH,false,false,0,,2026-07-01T10:00:00,POSTED,
INV001431,2026-06-04T09:00:00,1000,V0185,852.02,EUR,PO00292,true,0,0,BANK,true,false,2,AP supervisor; Treasury,2026-07-01T10:00:00,POSTED,
INV001432,2026-06-05T09:00:00,1000,V0136,3813.15,EUR,PO00558,true,0,0,MATCH,false,false,0,,2026-07-01T10:00:00,POSTED,
INV001433,2026-06-06T09:00:00,1000,V0218,724.05,EUR,PO00033,true,0,0,MATCH,false,false,0,,2026-07-01T10:00:00,POSTED,
INV001434,2026-06-07T09:00:00,1000,V0038,454.55,EUR,PO00542,true,0,0,MATCH,false,false,0,,2026-07-01T10:00:00,POSTED,
INV001435,2026-06-08T09:00:00,1000,V0077,5813.22,EUR,PO00258,true,0,0,MATCH,false,false,0,,2026-07-01T10:00:00,POSTED,
INV001436,2026-06-09T09:00:00,1000,V0280,265.25,EUR,PO00201,true,0,0,MATCH,false,false,0,,2026-07-01T10:00:00,POSTED,
INV001437,2026-06-10T09:00:00,1000,V0135,1668.72,EUR,PO00865,true,0,0,MATCH,false,false,0,,2026-07-01T10:00:00,POSTED,
INV001438,2026-06-11T09:00:00,1000,V0012,3336.84,EUR,PO00713,true,0,0,MATCH,false,false,0,,2026-07-01T10:00:00,POSTED,
INV001439,2026-06-12T09:00:00,1000,V0153,828.77,EUR,PO00728,true,0,0,MATCH,false,false,0,,2026-07-01T10:00:00,POSTED,
INV001440,2026-06-13T09:00:00,1000,V0040,3998.64,EUR,PO00756,true,141.68,0,PRICE,false,false,1,AP clerk,2026-07-01T10:00:00,POSTED,
INV001441,2026-06-14T09:00:00,1000,V0033,889.95,EUR,PO00782,true,0,0,MATCH,false,false,0,,2026-07-01T10:00:00,POSTED,
INV001442,2026-06-15T09:00:00,1000,V0190,832.83,EUR,PO00632,true,0,0,MATCH,false,false,0,,2026-07-01T10:00:00,POSTED,
INV001443,2026-06-16T09:00:00,1000,V0194,1746.03,EUR,PO00300,true,0,0,MATCH,false,false,0,,2026-07-01T10:00:00,POSTED,
INV001444,2026-06-17T09:00:00,1000,V0184,977.29,EUR,PO00833,true,0,0,BANK,true,false,2,AP supervisor; Treasury,2026-07-01T10:00:00,POSTED,
INV001445,2026-06-18T09:00:00,1000,V0282,511.35,EUR,PO00374,true,0,0,MATCH,false,false,0,,2026-07-01T10:00:00,POSTED,
INV001446,2026-06-19T09:00:00,1000,V0198,1949.38,EUR,PO00157,true,0,0,MATCH,false,false,0,,2026-07-01T10:00:00,POSTED,
INV001447,2026-06-20T09:00:00,1000,V0075,2041.58,EUR,PO00651,true,0,0,MATCH,false,false,0,,2026-07-01T10:00:00,POSTED,
INV001448,2026-06-21T09:00:00,1000,V0081,403.77,EUR,PO00407,true,0,0,BANK,true,false,2,AP supervisor; Treasury,2026-07-01T10:00:00,POSTED,
INV001449,2026-06-22T09:00:00,1000,V0125,833.79,EUR,PO00283,true,0,0,MATCH,false,false,0,,2026-07-01T10:00:00,POSTED,
INV001450,2026-06-23T09:00:00,1000,V0182,319.17,EUR,PO00595,true,0,0,BANK,true,false,2,AP supervisor; Treasury,2026-07-01T10:00:00,POSTED,
INV001451,2026-06-24T09:00:00,1000,V0196,617.52,EUR,PO00900,true,0,0,MATCH,false,false,0,,2026-07-01T10:00:00,POSTED,
INV001452,2026-06-25T09:00:00,1000,V0121,317.52,EUR,PO00574,true,0,0,MATCH,false,false,0,,2026-07-01T10:00:00,POSTED,
INV001453,2026-06-26T09:00:00,1000,V0103,9532.42,EUR,PO00617,true,0,0,MATCH,false,false,0,,2026-07-01T10:00:00,POSTED,
INV001454,2026-06-27T09:00:00,1000,V0129,3466.71,EUR,PO00208,true,0,0,MATCH,false,false,0,,2026-07-01T10:00:00,POSTED,
INV001455,2026-06-28T09:00:00,1000,V0104,4857.77,EUR,PO00831,true,0,0,MATCH,false,false,0,,2026-07-01T10:00:00,POSTED,
INV001456,2026-06-01T09:00:00,1000,V0158,2958.82,EUR,PO00111,true,0,0,MATCH,false,true,0,,2026-07-01T10:00:00,POSTED,
INV001457,2026-06-02T09:00:00,1000,V0239,694.12,EUR,PO00670,true,0,0,MATCH,false,false,0,,2026-07-01T10:00:00,POSTED,
INV001458,2026-06-03T09:00:00,1000,V0238,316.71,EUR,PO00235,true,0,0,MATCH,false,false,0,,2026-07-01T10:00:00,POSTED,
INV001459,2026-06-04T09:00:00,1000,V0199,396.08,EUR,PO00400,true,0,0,MATCH,false,false,0,,2026-07-01T10:00:00,POSTED,
INV001460,2026-06-05T09:00:00,1000,V0111,138.55,EUR,PO00474,true,0,0,MATCH,false,false,0,,2026-07-01T10:00:00,POSTED,
INV001461,2026-06-06T09:00:00,1000,V0175,3076.32,EUR,PO00129,true,0,0,MATCH,false,false,0,,2026-07-01T10:00:00,POSTED,
INV001462,2026-06-07T09:00:00,1000,V0128,3175.91,EUR,PO00557,true,200.89,0,PRICE,false,false,1,AP clerk,2026-07-01T10:00:00,POSTED,
INV001463,2026-06-08T09:00:00,1000,V0185,787.17,EUR,PO00704,true,0,0,MATCH,false,false,0,,2026-07-01T10:00:00,POSTED,
INV001464,2026-06-09T09:00:00,1000,V0190,191.5,EUR,PO00422,true,59.82,0,PRICE,false,false,1,AP clerk,2026-07-01T10:00:00,POSTED,
INV001465,2026-06-10T09:00:00,1000,V0155,3351.44,EUR,PO00634,true,0,0,MATCH,false,false,0,,2026-07-01T10:00:00,POSTED,
INV001466,2026-06-11T09:00:00,1000,V0086,3929.56,EUR,PO00462,true,223.33,0,PRICE,false,false,1,AP clerk,2026-07-01T10:00:00,REJECTED,
INV001467,2026-06-12T09:00:00,1000,V0110,1776.63,EUR,PO00636,true,2675.35,0,PRICE,false,false,1,AP clerk,2026-07-01T10:00:00,POSTED,
INV001468,2026-06-13T09:00:00,1000,V0285,3000.32,EUR,PO00051,true,0,0,MATCH,false,false,0,,2026-07-01T10:00:00,POSTED,
INV001469,2026-06-14T09:00:00,1000,V0212,2611.43,EUR,PO00434,true,0,0,MATCH,false,false,0,,2026-07-01T10:00:00,POSTED,
INV001470,2026-06-15T09:00:00,1000,V0179,5344.93,EUR,PO00001,true,0,0,MATCH,false,false,0,,2026-07-01T10:00:00,POSTED,
INV001471,2026-06-16T09:00:00,1000,V0130,1444.13,EUR,PO00761,true,162.05,0,PRICE,false,false,1,AP clerk,2026-07-01T10:00:00,POSTED,
INV001472,2026-06-17T09:00:00,1000,V0104,325.17,EUR,PO00797,true,0,0,MATCH,false,false,0,,2026-07-01T10:00:00,POSTED,
INV001473,2026-06-18T09:00:00,1000,V0276,427.41,EUR,PO00078,true,0,0,MATCH,false,false,0,,2026-07-01T10:00:00,POSTED,
INV001474,2026-06-19T09:00:00,1000,V0177,6569.66,EUR,PO00422,true,0,0,MATCH,false,false,0,,2026-07-01T10:00:00,POSTED,
INV001475,2026-06-20T09:00:00,1000,V0089,1691.94,EUR,PO00423,true,0,0,MATCH,false,false,0,,2026-07-01T10:00:00,POSTED,
INV001476,2026-06-21T09:00:00,1000,V0172,3756.96,EUR,PO00533,true,70.59,0,PRICE,false,false,1,AP clerk,2026-07-01T10:00:00,REJECTED,
INV001477,2026-06-22T09:00:00,1000,V0092,765.63,EUR,PO00626,true,0,0,MATCH,false,true,0,,2026-07-01T10:00:00,POSTED,
INV001478,2026-06-23T09:00:00,1000,V0158,318.77,EUR,PO00253,true,0,0,MATCH,false,false,0,,2026-07-01T10:00:00,POSTED,
INV001479,2026-06-24T09:00:00,1000,V0079,7961.51,EUR,PO00178,true,0,0,MATCH,false,false,0,,2026-07-01T10:00:00,POSTED,
INV001480,2026-06-25T09:00:00,1000,V0216,985.64,EUR,PO00687,true,0,0,MATCH,false,false,0,,2026-07-01T10:00:00,POSTED,
INV001481,2026-06-26T09:00:00,1000,V0297,143.28,EUR,PO00168,true,0,0,MATCH,false,false,0,,2026-07-01T10:00:00,POSTED,
INV001482,2026-06-27T09:00:00,1000,V0053,49.76,EUR,PO00357,true,77.73,0,PRICE,false,false,1,AP clerk,2026-07-01T10:00:00,POSTED,
INV001483,2026-06-28T09:00:00,1000,V0281,637.89,EUR,PO00767,true,0,0,BANK,true,false,2,AP supervisor; Treasury,2026-07-01T10:00:00,POSTED,
INV001484,2026-06-01T09:00:00,1000,V0243,797.99,EUR,PO00016,true,0,0,MATCH,false,false,0,,2026-07-01T10:00:00,POSTED,
INV001485,2026-06-02T09:00:00,1000,V0274,5021.73,EUR,PO00333,true,0,0,MATCH,false,false,0,,2026-07-01T10:00:00,POSTED,
INV001486,2026-06-03T09:00:00,1000,V0084,1623.34,EUR,PO00833,true,0,0,MATCH,false,false,0,,2026-07-01T10:00:00,POSTED,
INV001487,2026-06-04T09:00:00,1000,V0171,712.38,EUR,PO00864,true,0,0,MATCH,false,true,0,,2026-07-01T10:00:00,POSTED,
INV001488,2026-06-05T09:00:00,1000,V0162,535.83,EUR,PO00174,true,244.39,0,PRICE,false,false,1,AP clerk,2026-07-01T10:00:00,REJECTED,
INV001489,2026-06-06T09:00:00,1000,V0091,4062.44,EUR,PO00696,true,2473.76,0,PRICE,false,false,1,AP clerk,2026-07-01T10:00:00,POSTED,
INV001490,2026-06-07T09:00:00,1000,V0166,17954.17,EUR,PO00116,true,0,0,MATCH,false,false,0,,2026-07-01T10:00:00,POSTED,
INV001491,2026-06-08T09:00:00,1000,V0111,926.79,EUR,PO00264,true,0,0,MATCH,false,false,0,,2026-07-01T10:00:00,POSTED,
INV001492,2026-06-09T09:00:00,1000,V0235,659.82,EUR,PO00155,true,0,0,MATCH,false,false,0,,2026-07-01T10:00:00,POSTED,
INV001493,2026-06-10T09:00:00,1000,V0271,435.29,EUR,PO00165,true,0,0,MATCH,false,false,0,,2026-07-01T10:00:00,POSTED,
INV001494,2026-06-11T09:00:00,1000,V0087,1179.64,EUR,PO00434,true,0,0,MATCH,false,false,0,,2026-07-01T10:00:00,POSTED,
INV001495,2026-06-12T09:00:00,1000,V0113,1088.25,EUR,PO00677,true,0,0,MATCH,false,false,0,,2026-07-01T10:00:00,POSTED,
INV001496,2026-06-13T09:00:00,1000,V0234,1271.39,EUR,PO00195,true,0,0,MATCH,false,false,0,,2026-07-01T10:00:00,POSTED,
INV001497,2026-06-14T09:00:00,1000,V0164,1597.11,EUR,PO00126,true,0,0,MATCH,false,false,0,,2026-07-01T10:00:00,POSTED,
INV001498,2026-06-15T09:00:00,1000,V0252,8020.24,EUR,PO00258,true,0,0,MATCH,false,false,0,,2026-07-01T10:00:00,POSTED,
INV001499,2026-06-16T09:00:00,1000,V0088,3442.48,EUR,PO00160,true,0,0,MATCH,false,false,0,,2026-07-01T10:00:00,POSTED,
